year,month,hour,isorto,co2_eq_kg_per_MWh
2023,1,0,CAISO,343.0674128
2023,1,0,ERCOT,590.5659802
2023,1,0,ISONE,391.7466402
2023,1,0,MISO,732.6033793
2023,1,0,NYISO,432.5507122
2023,1,0,PJM,607.5998902
2023,1,0,SPP,678.5066108
2023,1,1,CAISO,326.4511736
2023,1,1,ERCOT,554.1618763
2023,1,1,ISONE,425.6162394
2023,1,1,MISO,637.0596072
2023,1,1,NYISO,408.6096575
2023,1,1,PJM,526.9186841
2023,1,1,SPP,652.9289443
2023,1,2,CAISO,417.8836543
2023,1,2,ERCOT,453.7395438
2023,1,2,ISONE,442.9180067
2023,1,2,MISO,637.0704463
2023,1,2,NYISO,377.1926514
2023,1,2,PJM,583.2648852
2023,1,2,SPP,656.9036152
2023,1,3,CAISO,375.3577893
2023,1,3,ERCOT,485.8464293
2023,1,3,ISONE,364.3320249
2023,1,3,MISO,604.4135165
2023,1,3,NYISO,374.776359
2023,1,3,PJM,536.1377998
2023,1,3,SPP,678.5663374
2023,1,4,CAISO,321.1865779
2023,1,4,ERCOT,457.5344156
2023,1,4,ISONE,293.7554661
2023,1,4,MISO,632.0069485
2023,1,4,NYISO,360.6736942
2023,1,4,PJM,409.5643229
2023,1,4,SPP,588.4167962
2023,1,5,CAISO,353.4182556
2023,1,5,ERCOT,399.4960008
2023,1,5,ISONE,347.2512736
2023,1,5,MISO,625.266256
2023,1,5,NYISO,399.5735653
2023,1,5,PJM,437.0471393
2023,1,5,SPP,635.4714861
2023,1,6,CAISO,380.2203461
2023,1,6,ERCOT,417.5495361
2023,1,6,ISONE,346.7974783
2023,1,6,MISO,609.8567304
2023,1,6,NYISO,308.0735125
2023,1,6,PJM,357.5142598
2023,1,6,SPP,639.8050414
2023,1,7,CAISO,352.7823888
2023,1,7,ERCOT,433.1603729
2023,1,7,ISONE,357.4653469
2023,1,7,MISO,637.2544386
2023,1,7,NYISO,315.470681
2023,1,7,PJM,439.0736913
2023,1,7,SPP,588.2064555
2023,1,8,CAISO,355.9845049
2023,1,8,ERCOT,514.6628744
2023,1,8,ISONE,392.0323097
2023,1,8,MISO,632.1985451
2023,1,8,NYISO,332.2418484
2023,1,8,PJM,399.8324693
2023,1,8,SPP,678.0900804
2023,1,9,CAISO,355.5725931
2023,1,9,ERCOT,577.673753
2023,1,9,ISONE,407.6552563
2023,1,9,MISO,581.304924
2023,1,9,NYISO,339.8612442
2023,1,9,PJM,406.6530329
2023,1,9,SPP,676.2719745
2023,1,10,CAISO,274.5517215
2023,1,10,ERCOT,578.93602
2023,1,10,ISONE,361.8189362
2023,1,10,MISO,586.2756626
2023,1,10,NYISO,377.4717361
2023,1,10,PJM,439.1672916
2023,1,10,SPP,645.8419611
2023,1,11,CAISO,329.9896801
2023,1,11,ERCOT,435.2209223
2023,1,11,ISONE,365.369558
2023,1,11,MISO,621.9693392
2023,1,11,NYISO,361.1487112
2023,1,11,PJM,504.7985995
2023,1,11,SPP,639.316478
2023,1,12,CAISO,306.1719663
2023,1,12,ERCOT,475.1272107
2023,1,12,ISONE,299.3317922
2023,1,12,MISO,667.2381075
2023,1,12,NYISO,415.7292127
2023,1,12,PJM,571.0987059
2023,1,12,SPP,693.3741166
2023,1,13,CAISO,398.1802446
2023,1,13,ERCOT,478.4827157
2023,1,13,ISONE,371.2990099
2023,1,13,MISO,658.9398964
2023,1,13,NYISO,367.2171862
2023,1,13,PJM,585.0208832
2023,1,13,SPP,692.3083405
2023,1,14,CAISO,383.3344417
2023,1,14,ERCOT,547.9306073
2023,1,14,ISONE,404.4880704
2023,1,14,MISO,682.5816021
2023,1,14,NYISO,413.4543314
2023,1,14,PJM,542.0343424
2023,1,14,SPP,661.2680446
2023,1,15,CAISO,371.6884918
2023,1,15,ERCOT,500.4304889
2023,1,15,ISONE,363.5214921
2023,1,15,MISO,703.3895529
2023,1,15,NYISO,391.1049422
2023,1,15,PJM,489.7886072
2023,1,15,SPP,665.1806831
2023,1,16,CAISO,448.7070824
2023,1,16,ERCOT,423.7553879
2023,1,16,ISONE,330.4482326
2023,1,16,MISO,621.2760732
2023,1,16,NYISO,464.1552597
2023,1,16,PJM,533.8581018
2023,1,16,SPP,674.6699033
2023,1,17,CAISO,380.6031562
2023,1,17,ERCOT,444.3478809
2023,1,17,ISONE,361.9520738
2023,1,17,MISO,684.4020247
2023,1,17,NYISO,374.9482209
2023,1,17,PJM,503.2887817
2023,1,17,SPP,705.5536277
2023,1,18,CAISO,298.6490867
2023,1,18,ERCOT,545.4932381
2023,1,18,ISONE,347.2608839
2023,1,18,MISO,677.6436992
2023,1,18,NYISO,371.8448523
2023,1,18,PJM,461.6783488
2023,1,18,SPP,651.3803552
2023,1,19,CAISO,409.1762306
2023,1,19,ERCOT,445.3997061
2023,1,19,ISONE,367.1185015
2023,1,19,MISO,653.7431318
2023,1,19,NYISO,397.4699871
2023,1,19,PJM,447.734456
2023,1,19,SPP,708.9818631
2023,1,20,CAISO,300.8149718
2023,1,20,ERCOT,479.0799558
2023,1,20,ISONE,342.901919
2023,1,20,MISO,637.0216437
2023,1,20,NYISO,340.5299559
2023,1,20,PJM,508.0963301
2023,1,20,SPP,648.6285802
2023,1,21,CAISO,364.4201952
2023,1,21,ERCOT,417.3204602
2023,1,21,ISONE,450.9376844
2023,1,21,MISO,589.9266498
2023,1,21,NYISO,406.3782744
2023,1,21,PJM,389.4946842
2023,1,21,SPP,616.3926737
2023,1,22,CAISO,443.4350341
2023,1,22,ERCOT,410.8279174
2023,1,22,ISONE,357.1908089
2023,1,22,MISO,648.0994011
2023,1,22,NYISO,467.0203843
2023,1,22,PJM,464.7858219
2023,1,22,SPP,612.306457
2023,1,23,CAISO,434.1433374
2023,1,23,ERCOT,436.606825
2023,1,23,ISONE,410.9990986
2023,1,23,MISO,668.3140752
2023,1,23,NYISO,489.8931089
2023,1,23,PJM,606.0517541
2023,1,23,SPP,685.7433378
2023,2,0,CAISO,351.9419401
2023,2,0,ERCOT,513.0314401
2023,2,0,ISONE,438.8247481
2023,2,0,MISO,759.4163497
2023,2,0,NYISO,492.7787008
2023,2,0,PJM,509.1006502
2023,2,0,SPP,716.8969911
2023,2,1,CAISO,355.3843004
2023,2,1,ERCOT,525.9409959
2023,2,1,ISONE,292.2454489
2023,2,1,MISO,712.7740268
2023,2,1,NYISO,490.081545
2023,2,1,PJM,645.8652102
2023,2,1,SPP,626.0101879
2023,2,2,CAISO,383.7195225
2023,2,2,ERCOT,449.2797439
2023,2,2,ISONE,463.5653792
2023,2,2,MISO,624.9490969
2023,2,2,NYISO,409.2678929
2023,2,2,PJM,449.658245
2023,2,2,SPP,640.5408703
2023,2,3,CAISO,399.3422702
2023,2,3,ERCOT,519.6160306
2023,2,3,ISONE,381.4129979
2023,2,3,MISO,662.0380601
2023,2,3,NYISO,409.2477505
2023,2,3,PJM,513.8232864
2023,2,3,SPP,634.1030616
2023,2,4,CAISO,452.5549206
2023,2,4,ERCOT,467.1482186
2023,2,4,ISONE,398.6886739
2023,2,4,MISO,603.889086
2023,2,4,NYISO,381.2399497
2023,2,4,PJM,459.4237474
2023,2,4,SPP,706.2459562
2023,2,5,CAISO,380.9855676
2023,2,5,ERCOT,519.7425633
2023,2,5,ISONE,440.4268722
2023,2,5,MISO,557.2069069
2023,2,5,NYISO,462.365706
2023,2,5,PJM,434.1716112
2023,2,5,SPP,642.4979634
2023,2,6,CAISO,459.9236965
2023,2,6,ERCOT,557.87858
2023,2,6,ISONE,202.3415563
2023,2,6,MISO,558.7119914
2023,2,6,NYISO,323.8746057
2023,2,6,PJM,345.8331392
2023,2,6,SPP,666.7325246
2023,2,7,CAISO,397.9457527
2023,2,7,ERCOT,433.4067269
2023,2,7,ISONE,408.1078045
2023,2,7,MISO,590.3689263
2023,2,7,NYISO,375.3125106
2023,2,7,PJM,354.4393264
2023,2,7,SPP,591.4559358
2023,2,8,CAISO,420.2472277
2023,2,8,ERCOT,453.1427384
2023,2,8,ISONE,389.6461327
2023,2,8,MISO,578.7288682
2023,2,8,NYISO,403.8323498
2023,2,8,PJM,448.6729862
2023,2,8,SPP,640.854871
2023,2,9,CAISO,327.7300153
2023,2,9,ERCOT,459.0975074
2023,2,9,ISONE,424.4353571
2023,2,9,MISO,554.2330168
2023,2,9,NYISO,408.7720262
2023,2,9,PJM,403.7656805
2023,2,9,SPP,662.4670156
2023,2,10,CAISO,349.9173322
2023,2,10,ERCOT,421.4669092
2023,2,10,ISONE,407.4829748
2023,2,10,MISO,531.452463
2023,2,10,NYISO,299.0388898
2023,2,10,PJM,447.5068763
2023,2,10,SPP,546.4536206
2023,2,11,CAISO,305.3285341
2023,2,11,ERCOT,488.4483268
2023,2,11,ISONE,318.3807571
2023,2,11,MISO,645.2430872
2023,2,11,NYISO,394.8051314
2023,2,11,PJM,495.9347879
2023,2,11,SPP,619.6426352
2023,2,12,CAISO,339.3249252
2023,2,12,ERCOT,496.7131908
2023,2,12,ISONE,322.6724042
2023,2,12,MISO,666.1990514
2023,2,12,NYISO,413.6994573
2023,2,12,PJM,542.0978837
2023,2,12,SPP,641.0658207
2023,2,13,CAISO,385.6599837
2023,2,13,ERCOT,563.7130529
2023,2,13,ISONE,333.3708782
2023,2,13,MISO,739.0318768
2023,2,13,NYISO,457.0869083
2023,2,13,PJM,590.8573401
2023,2,13,SPP,568.5116849
2023,2,14,CAISO,384.1225294
2023,2,14,ERCOT,569.6973276
2023,2,14,ISONE,386.6529915
2023,2,14,MISO,683.1873614
2023,2,14,NYISO,432.1020122
2023,2,14,PJM,494.6807911
2023,2,14,SPP,641.9897243
2023,2,15,CAISO,412.9820841
2023,2,15,ERCOT,555.5653842
2023,2,15,ISONE,385.8224347
2023,2,15,MISO,702.9943784
2023,2,15,NYISO,392.3620652
2023,2,15,PJM,551.7601315
2023,2,15,SPP,644.2996091
2023,2,16,CAISO,448.7315492
2023,2,16,ERCOT,474.1484637
2023,2,16,ISONE,352.1485912
2023,2,16,MISO,595.0058792
2023,2,16,NYISO,380.3254629
2023,2,16,PJM,444.2984191
2023,2,16,SPP,725.8197055
2023,2,17,CAISO,341.533259
2023,2,17,ERCOT,505.0428561
2023,2,17,ISONE,335.4166263
2023,2,17,MISO,631.4362048
2023,2,17,NYISO,521.6535506
2023,2,17,PJM,423.4815516
2023,2,17,SPP,613.8677055
2023,2,18,CAISO,371.4444961
2023,2,18,ERCOT,423.2287928
2023,2,18,ISONE,382.9383685
2023,2,18,MISO,629.9087262
2023,2,18,NYISO,420.8029328
2023,2,18,PJM,472.6695272
2023,2,18,SPP,667.13207
2023,2,19,CAISO,302.6787325
2023,2,19,ERCOT,439.2685251
2023,2,19,ISONE,454.4655569
2023,2,19,MISO,569.8217132
2023,2,19,NYISO,424.8407033
2023,2,19,PJM,387.5867729
2023,2,19,SPP,624.2142367
2023,2,20,CAISO,372.5460906
2023,2,20,ERCOT,484.9781368
2023,2,20,ISONE,453.8214622
2023,2,20,MISO,605.2809181
2023,2,20,NYISO,420.8900902
2023,2,20,PJM,421.3339384
2023,2,20,SPP,635.2497962
2023,2,21,CAISO,379.2721092
2023,2,21,ERCOT,528.6150045
2023,2,21,ISONE,399.4288005
2023,2,21,MISO,587.5690946
2023,2,21,NYISO,382.3929809
2023,2,21,PJM,419.1195275
2023,2,21,SPP,597.3057002
2023,2,22,CAISO,401.1460522
2023,2,22,ERCOT,438.9261853
2023,2,22,ISONE,449.9103079
2023,2,22,MISO,748.5122298
2023,2,22,NYISO,340.5382225
2023,2,22,PJM,456.1302148
2023,2,22,SPP,613.8714637
2023,2,23,CAISO,429.8613156
2023,2,23,ERCOT,399.7505137
2023,2,23,ISONE,442.3375993
2023,2,23,MISO,695.1474899
2023,2,23,NYISO,504.4341669
2023,2,23,PJM,480.2212866
2023,2,23,SPP,599.3014306
2023,3,0,CAISO,301.5688931
2023,3,0,ERCOT,545.1241767
2023,3,0,ISONE,367.2504735
2023,3,0,MISO,737.1826396
2023,3,0,NYISO,484.9633619
2023,3,0,PJM,594.3503496
2023,3,0,SPP,637.9914255
2023,3,1,CAISO,328.6858899
2023,3,1,ERCOT,608.3036883
2023,3,1,ISONE,430.0025156
2023,3,1,MISO,738.4584062
2023,3,1,NYISO,437.9989253
2023,3,1,PJM,640.4941178
2023,3,1,SPP,659.9833298
2023,3,2,CAISO,332.4057164
2023,3,2,ERCOT,519.5683482
2023,3,2,ISONE,485.3923232
2023,3,2,MISO,710.2315083
2023,3,2,NYISO,422.6411417
2023,3,2,PJM,585.1636392
2023,3,2,SPP,633.9831284
2023,3,3,CAISO,455.2280694
2023,3,3,ERCOT,462.0666217
2023,3,3,ISONE,336.3647932
2023,3,3,MISO,640.18197
2023,3,3,NYISO,440.6300813
2023,3,3,PJM,577.8744368
2023,3,3,SPP,599.6004031
2023,3,4,CAISO,389.1978873
2023,3,4,ERCOT,489.8932777
2023,3,4,ISONE,357.1307942
2023,3,4,MISO,480.650938
2023,3,4,NYISO,423.2885611
2023,3,4,PJM,457.2620606
2023,3,4,SPP,650.1704763
2023,3,5,CAISO,444.3825969
2023,3,5,ERCOT,435.2330227
2023,3,5,ISONE,396.859599
2023,3,5,MISO,562.9301375
2023,3,5,NYISO,370.2598702
2023,3,5,PJM,490.0013435
2023,3,5,SPP,674.8945062
2023,3,6,CAISO,379.093096
2023,3,6,ERCOT,491.9355866
2023,3,6,ISONE,357.2312436
2023,3,6,MISO,627.9823014
2023,3,6,NYISO,399.1086731
2023,3,6,PJM,371.4548039
2023,3,6,SPP,687.7001994
2023,3,7,CAISO,318.7334314
2023,3,7,ERCOT,500.7726891
2023,3,7,ISONE,354.0850249
2023,3,7,MISO,697.5353026
2023,3,7,NYISO,331.9349917
2023,3,7,PJM,539.533779
2023,3,7,SPP,634.499071
2023,3,8,CAISO,367.1354195
2023,3,8,ERCOT,577.5614299
2023,3,8,ISONE,395.1035907
2023,3,8,MISO,688.0913902
2023,3,8,NYISO,350.7301489
2023,3,8,PJM,453.7727592
2023,3,8,SPP,631.4431205
2023,3,9,CAISO,331.367164
2023,3,9,ERCOT,525.5838605
2023,3,9,ISONE,398.9623129
2023,3,9,MISO,629.6466944
2023,3,9,NYISO,379.4571671
2023,3,9,PJM,544.4529268
2023,3,9,SPP,579.7079016
2023,3,10,CAISO,287.5121766
2023,3,10,ERCOT,533.4065
2023,3,10,ISONE,364.0002176
2023,3,10,MISO,579.4346903
2023,3,10,NYISO,391.9069239
2023,3,10,PJM,567.8450612
2023,3,10,SPP,583.0189527
2023,3,11,CAISO,277.569857
2023,3,11,ERCOT,489.9275254
2023,3,11,ISONE,376.0772679
2023,3,11,MISO,633.4418758
2023,3,11,NYISO,395.5605407
2023,3,11,PJM,590.0132585
2023,3,11,SPP,617.2460498
2023,3,12,CAISO,308.0925588
2023,3,12,ERCOT,488.1997491
2023,3,12,ISONE,399.5800954
2023,3,12,MISO,652.0093892
2023,3,12,NYISO,491.4825699
2023,3,12,PJM,599.1188408
2023,3,12,SPP,644.1076364
2023,3,13,CAISO,435.3446927
2023,3,13,ERCOT,538.8246448
2023,3,13,ISONE,401.7599806
2023,3,13,MISO,664.1715767
2023,3,13,NYISO,374.9222929
2023,3,13,PJM,598.5153971
2023,3,13,SPP,700.3175142
2023,3,14,CAISO,365.1912361
2023,3,14,ERCOT,592.0700348
2023,3,14,ISONE,379.4369883
2023,3,14,MISO,726.9275213
2023,3,14,NYISO,450.8043721
2023,3,14,PJM,637.7853991
2023,3,14,SPP,643.0875484
2023,3,15,CAISO,421.1175622
2023,3,15,ERCOT,508.6782973
2023,3,15,ISONE,324.0046925
2023,3,15,MISO,701.4252144
2023,3,15,NYISO,380.1158897
2023,3,15,PJM,541.0679601
2023,3,15,SPP,633.93257
2023,3,16,CAISO,420.034694
2023,3,16,ERCOT,527.340942
2023,3,16,ISONE,350.717106
2023,3,16,MISO,680.9612862
2023,3,16,NYISO,398.4644202
2023,3,16,PJM,504.7549228
2023,3,16,SPP,621.3542119
2023,3,17,CAISO,344.7705553
2023,3,17,ERCOT,506.1805814
2023,3,17,ISONE,335.7541498
2023,3,17,MISO,618.4256048
2023,3,17,NYISO,450.3432269
2023,3,17,PJM,475.6580443
2023,3,17,SPP,597.4469564
2023,3,18,CAISO,346.1996374
2023,3,18,ERCOT,523.743154
2023,3,18,ISONE,390.816653
2023,3,18,MISO,627.3265508
2023,3,18,NYISO,422.449205
2023,3,18,PJM,449.5701136
2023,3,18,SPP,592.0663463
2023,3,19,CAISO,350.5106503
2023,3,19,ERCOT,528.6108895
2023,3,19,ISONE,383.2143071
2023,3,19,MISO,641.2103251
2023,3,19,NYISO,389.7322132
2023,3,19,PJM,428.9263481
2023,3,19,SPP,666.9679523
2023,3,20,CAISO,344.2781114
2023,3,20,ERCOT,549.4368409
2023,3,20,ISONE,387.096671
2023,3,20,MISO,612.19573
2023,3,20,NYISO,409.5865027
2023,3,20,PJM,350.5968385
2023,3,20,SPP,598.2405415
2023,3,21,CAISO,393.7183062
2023,3,21,ERCOT,456.8305169
2023,3,21,ISONE,360.2852988
2023,3,21,MISO,691.8603109
2023,3,21,NYISO,369.7490527
2023,3,21,PJM,400.7185918
2023,3,21,SPP,682.6907303
2023,3,22,CAISO,345.9382536
2023,3,22,ERCOT,448.5367252
2023,3,22,ISONE,362.7406889
2023,3,22,MISO,615.0489087
2023,3,22,NYISO,483.2405219
2023,3,22,PJM,397.0252246
2023,3,22,SPP,693.0119936
2023,3,23,CAISO,429.9481698
2023,3,23,ERCOT,479.4178252
2023,3,23,ISONE,393.8925889
2023,3,23,MISO,617.8907876
2023,3,23,NYISO,428.5020116
2023,3,23,PJM,500.4461125
2023,3,23,SPP,634.1349038
2023,4,0,CAISO,246.5874654
2023,4,0,ERCOT,475.3749086
2023,4,0,ISONE,400.4296588
2023,4,0,MISO,676.2510654
2023,4,0,NYISO,473.0223537
2023,4,0,PJM,671.7054005
2023,4,0,SPP,630.4537263
2023,4,1,CAISO,391.8236317
2023,4,1,ERCOT,650.4019139
2023,4,1,ISONE,421.4806752
2023,4,1,MISO,669.9730291
2023,4,1,NYISO,461.5596773
2023,4,1,PJM,694.7017092
2023,4,1,SPP,636.7292955
2023,4,2,CAISO,371.926971
2023,4,2,ERCOT,620.0571119
2023,4,2,ISONE,433.5325299
2023,4,2,MISO,745.2567019
2023,4,2,NYISO,434.6458601
2023,4,2,PJM,604.2738331
2023,4,2,SPP,642.8334292
2023,4,3,CAISO,486.0837349
2023,4,3,ERCOT,552.5377321
2023,4,3,ISONE,410.4070755
2023,4,3,MISO,620.4938795
2023,4,3,NYISO,432.8372958
2023,4,3,PJM,515.8780607
2023,4,3,SPP,562.4402678
2023,4,4,CAISO,498.3144651
2023,4,4,ERCOT,435.1266739
2023,4,4,ISONE,374.2057858
2023,4,4,MISO,573.3604492
2023,4,4,NYISO,417.8657974
2023,4,4,PJM,473.9481241
2023,4,4,SPP,646.3514626
2023,4,5,CAISO,406.1615545
2023,4,5,ERCOT,612.8889319
2023,4,5,ISONE,441.9621871
2023,4,5,MISO,541.1921575
2023,4,5,NYISO,395.5970732
2023,4,5,PJM,417.1507925
2023,4,5,SPP,628.3107397
2023,4,6,CAISO,368.2302932
2023,4,6,ERCOT,399.3591068
2023,4,6,ISONE,381.4881596
2023,4,6,MISO,489.1275791
2023,4,6,NYISO,377.8254278
2023,4,6,PJM,538.0345155
2023,4,6,SPP,646.3134946
2023,4,7,CAISO,397.3157296
2023,4,7,ERCOT,477.1433688
2023,4,7,ISONE,374.3330702
2023,4,7,MISO,488.0755143
2023,4,7,NYISO,337.4013528
2023,4,7,PJM,470.386098
2023,4,7,SPP,622.0376594
2023,4,8,CAISO,331.8263395
2023,4,8,ERCOT,458.4343943
2023,4,8,ISONE,424.8520302
2023,4,8,MISO,507.3107272
2023,4,8,NYISO,376.4586175
2023,4,8,PJM,499.2317042
2023,4,8,SPP,592.7221505
2023,4,9,CAISO,299.7872914
2023,4,9,ERCOT,429.3068237
2023,4,9,ISONE,436.6416065
2023,4,9,MISO,512.8171282
2023,4,9,NYISO,359.450862
2023,4,9,PJM,498.8396372
2023,4,9,SPP,637.5075719
2023,4,10,CAISO,309.2227515
2023,4,10,ERCOT,479.2566824
2023,4,10,ISONE,389.5568397
2023,4,10,MISO,574.0019133
2023,4,10,NYISO,415.5193457
2023,4,10,PJM,563.7127926
2023,4,10,SPP,631.260454
2023,4,11,CAISO,312.0540005
2023,4,11,ERCOT,521.5150123
2023,4,11,ISONE,420.7127171
2023,4,11,MISO,642.3912116
2023,4,11,NYISO,443.14892
2023,4,11,PJM,616.6278902
2023,4,11,SPP,608.1153999
2023,4,12,CAISO,353.0486955
2023,4,12,ERCOT,602.6013497
2023,4,12,ISONE,401.0313204
2023,4,12,MISO,591.5628202
2023,4,12,NYISO,448.3837358
2023,4,12,PJM,532.596642
2023,4,12,SPP,581.4741897
2023,4,13,CAISO,447.0908313
2023,4,13,ERCOT,517.6400811
2023,4,13,ISONE,391.1893338
2023,4,13,MISO,621.2422754
2023,4,13,NYISO,438.6289538
2023,4,13,PJM,568.7772407
2023,4,13,SPP,614.6905611
2023,4,14,CAISO,454.3345784
2023,4,14,ERCOT,512.5920572
2023,4,14,ISONE,432.7202609
2023,4,14,MISO,641.3086096
2023,4,14,NYISO,421.1154619
2023,4,14,PJM,511.6801208
2023,4,14,SPP,644.9403755
2023,4,15,CAISO,379.5795094
2023,4,15,ERCOT,548.9211243
2023,4,15,ISONE,372.3981384
2023,4,15,MISO,669.4622715
2023,4,15,NYISO,423.2453737
2023,4,15,PJM,547.5615872
2023,4,15,SPP,621.3253444
2023,4,16,CAISO,398.6708902
2023,4,16,ERCOT,552.3418071
2023,4,16,ISONE,407.3962639
2023,4,16,MISO,651.6205789
2023,4,16,NYISO,407.1517007
2023,4,16,PJM,590.3083316
2023,4,16,SPP,649.892249
2023,4,17,CAISO,367.0915545
2023,4,17,ERCOT,519.3599048
2023,4,17,ISONE,390.9712563
2023,4,17,MISO,590.3774387
2023,4,17,NYISO,454.1476938
2023,4,17,PJM,502.0128615
2023,4,17,SPP,637.9050402
2023,4,18,CAISO,223.1932328
2023,4,18,ERCOT,526.8486959
2023,4,18,ISONE,426.6895429
2023,4,18,MISO,564.6243908
2023,4,18,NYISO,418.004663
2023,4,18,PJM,522.1836532
2023,4,18,SPP,600.2617048
2023,4,19,CAISO,363.3364895
2023,4,19,ERCOT,519.8737693
2023,4,19,ISONE,406.3690943
2023,4,19,MISO,579.661066
2023,4,19,NYISO,394.4254707
2023,4,19,PJM,519.8009577
2023,4,19,SPP,688.1556178
2023,4,20,CAISO,375.6156897
2023,4,20,ERCOT,562.2143727
2023,4,20,ISONE,395.7160321
2023,4,20,MISO,634.1297495
2023,4,20,NYISO,408.318666
2023,4,20,PJM,626.9471938
2023,4,20,SPP,619.6524414
2023,4,21,CAISO,385.0796936
2023,4,21,ERCOT,531.8757158
2023,4,21,ISONE,394.5011999
2023,4,21,MISO,571.4959152
2023,4,21,NYISO,426.0339115
2023,4,21,PJM,486.2158464
2023,4,21,SPP,622.3932747
2023,4,22,CAISO,339.90978
2023,4,22,ERCOT,534.0289758
2023,4,22,ISONE,359.6981727
2023,4,22,MISO,692.8280026
2023,4,22,NYISO,356.7461835
2023,4,22,PJM,454.4855983
2023,4,22,SPP,637.4839331
2023,4,23,CAISO,423.9859749
2023,4,23,ERCOT,540.7468242
2023,4,23,ISONE,418.1669271
2023,4,23,MISO,643.3918957
2023,4,23,NYISO,420.216734
2023,4,23,PJM,509.1546172
2023,4,23,SPP,582.6910683
2023,5,0,CAISO,326.1491123
2023,5,0,ERCOT,486.5370247
2023,5,0,ISONE,443.2709932
2023,5,0,MISO,729.8897925
2023,5,0,NYISO,265.7337491
2023,5,0,PJM,549.5080303
2023,5,0,SPP,645.8530055
2023,5,1,CAISO,383.7462463
2023,5,1,ERCOT,598.7618131
2023,5,1,ISONE,387.5879412
2023,5,1,MISO,708.2559883
2023,5,1,NYISO,436.4322242
2023,5,1,PJM,527.9268126
2023,5,1,SPP,645.9139315
2023,5,2,CAISO,410.6609606
2023,5,2,ERCOT,558.9615123
2023,5,2,ISONE,449.4051306
2023,5,2,MISO,663.3048943
2023,5,2,NYISO,429.7267324
2023,5,2,PJM,585.5080849
2023,5,2,SPP,638.911737
2023,5,3,CAISO,328.7788249
2023,5,3,ERCOT,506.163279
2023,5,3,ISONE,418.5061715
2023,5,3,MISO,627.6214078
2023,5,3,NYISO,369.9684583
2023,5,3,PJM,481.6605492
2023,5,3,SPP,573.2333872
2023,5,4,CAISO,547.458448
2023,5,4,ERCOT,491.0823261
2023,5,4,ISONE,413.8071932
2023,5,4,MISO,602.2808284
2023,5,4,NYISO,386.3010317
2023,5,4,PJM,428.7996731
2023,5,4,SPP,643.8000009
2023,5,5,CAISO,435.2998602
2023,5,5,ERCOT,602.888408
2023,5,5,ISONE,363.5367183
2023,5,5,MISO,566.7415409
2023,5,5,NYISO,355.2034356
2023,5,5,PJM,502.7667235
2023,5,5,SPP,715.1298382
2023,5,6,CAISO,358.3302188
2023,5,6,ERCOT,555.827681
2023,5,6,ISONE,365.3276048
2023,5,6,MISO,455.0705824
2023,5,6,NYISO,320.3727151
2023,5,6,PJM,489.8637066
2023,5,6,SPP,543.7634903
2023,5,7,CAISO,382.9787748
2023,5,7,ERCOT,500.8029389
2023,5,7,ISONE,298.6127816
2023,5,7,MISO,497.2059925
2023,5,7,NYISO,337.8146636
2023,5,7,PJM,345.2236667
2023,5,7,SPP,553.8290236
2023,5,8,CAISO,249.216692
2023,5,8,ERCOT,503.8031225
2023,5,8,ISONE,369.775286
2023,5,8,MISO,511.5534462
2023,5,8,NYISO,352.5922306
2023,5,8,PJM,433.6599739
2023,5,8,SPP,554.4615883
2023,5,9,CAISO,386.3729164
2023,5,9,ERCOT,545.9904923
2023,5,9,ISONE,448.0591212
2023,5,9,MISO,551.6534448
2023,5,9,NYISO,367.4153457
2023,5,9,PJM,450.4364339
2023,5,9,SPP,605.5202963
2023,5,10,CAISO,316.1203758
2023,5,10,ERCOT,571.2061352
2023,5,10,ISONE,408.5632237
2023,5,10,MISO,576.173575
2023,5,10,NYISO,365.3208681
2023,5,10,PJM,491.3502263
2023,5,10,SPP,662.4441297
2023,5,11,CAISO,387.9398891
2023,5,11,ERCOT,579.7274492
2023,5,11,ISONE,350.0275773
2023,5,11,MISO,665.486984
2023,5,11,NYISO,384.0970418
2023,5,11,PJM,493.0820111
2023,5,11,SPP,627.5125251
2023,5,12,CAISO,289.8093425
2023,5,12,ERCOT,593.7567437
2023,5,12,ISONE,369.2342423
2023,5,12,MISO,629.0663358
2023,5,12,NYISO,399.5491892
2023,5,12,PJM,455.5691953
2023,5,12,SPP,597.5148887
2023,5,13,CAISO,398.7646444
2023,5,13,ERCOT,578.4795798
2023,5,13,ISONE,402.5818064
2023,5,13,MISO,609.472392
2023,5,13,NYISO,383.0073072
2023,5,13,PJM,496.3578083
2023,5,13,SPP,641.6575295
2023,5,14,CAISO,413.0317937
2023,5,14,ERCOT,537.9112993
2023,5,14,ISONE,360.3242711
2023,5,14,MISO,638.3485326
2023,5,14,NYISO,339.8175128
2023,5,14,PJM,532.5358302
2023,5,14,SPP,618.9754599
2023,5,15,CAISO,446.8278212
2023,5,15,ERCOT,557.146759
2023,5,15,ISONE,349.8480485
2023,5,15,MISO,630.7372998
2023,5,15,NYISO,361.2338332
2023,5,15,PJM,461.5786063
2023,5,15,SPP,666.3129371
2023,5,16,CAISO,323.0609578
2023,5,16,ERCOT,571.0210452
2023,5,16,ISONE,362.4423521
2023,5,16,MISO,626.8742255
2023,5,16,NYISO,400.6295738
2023,5,16,PJM,579.5710115
2023,5,16,SPP,719.2807629
2023,5,17,CAISO,419.9312073
2023,5,17,ERCOT,553.8821944
2023,5,17,ISONE,448.3612481
2023,5,17,MISO,700.8360263
2023,5,17,NYISO,417.4168239
2023,5,17,PJM,562.8426654
2023,5,17,SPP,600.8328236
2023,5,18,CAISO,418.5803307
2023,5,18,ERCOT,556.0721267
2023,5,18,ISONE,418.7712818
2023,5,18,MISO,733.3451115
2023,5,18,NYISO,427.3217788
2023,5,18,PJM,534.1540007
2023,5,18,SPP,627.2579072
2023,5,19,CAISO,410.6047539
2023,5,19,ERCOT,549.1410897
2023,5,19,ISONE,351.9889973
2023,5,19,MISO,737.3822345
2023,5,19,NYISO,458.1575781
2023,5,19,PJM,511.5216733
2023,5,19,SPP,701.2734197
2023,5,20,CAISO,411.6906795
2023,5,20,ERCOT,586.4494045
2023,5,20,ISONE,368.201552
2023,5,20,MISO,715.3103778
2023,5,20,NYISO,362.5568694
2023,5,20,PJM,506.6365549
2023,5,20,SPP,651.6453005
2023,5,21,CAISO,480.7543669
2023,5,21,ERCOT,535.1391969
2023,5,21,ISONE,356.4072659
2023,5,21,MISO,681.1886268
2023,5,21,NYISO,391.625971
2023,5,21,PJM,533.064496
2023,5,21,SPP,725.3482409
2023,5,22,CAISO,429.622692
2023,5,22,ERCOT,585.4939857
2023,5,22,ISONE,371.2238456
2023,5,22,MISO,705.6388923
2023,5,22,NYISO,397.7909346
2023,5,22,PJM,551.0108557
2023,5,22,SPP,606.1191382
2023,5,23,CAISO,398.5664604
2023,5,23,ERCOT,545.8827303
2023,5,23,ISONE,383.436461
2023,5,23,MISO,709.5925421
2023,5,23,NYISO,431.9286802
2023,5,23,PJM,611.8346316
2023,5,23,SPP,675.9070225
2023,6,0,CAISO,323.8760125
2023,6,0,ERCOT,541.3461604
2023,6,0,ISONE,426.1290864
2023,6,0,MISO,739.7374247
2023,6,0,NYISO,455.0821903
2023,6,0,PJM,601.0454141
2023,6,0,SPP,657.0136353
2023,6,1,CAISO,339.4844635
2023,6,1,ERCOT,602.5735155
2023,6,1,ISONE,465.3670756
2023,6,1,MISO,766.2988081
2023,6,1,NYISO,448.2666025
2023,6,1,PJM,598.6853864
2023,6,1,SPP,658.1276362
2023,6,2,CAISO,369.7210926
2023,6,2,ERCOT,586.8250153
2023,6,2,ISONE,447.4533169
2023,6,2,MISO,677.2841375
2023,6,2,NYISO,439.6820158
2023,6,2,PJM,650.8202646
2023,6,2,SPP,698.3619208
2023,6,3,CAISO,431.8541977
2023,6,3,ERCOT,519.0582199
2023,6,3,ISONE,365.710307
2023,6,3,MISO,609.1469768
2023,6,3,NYISO,387.5417401
2023,6,3,PJM,636.4358995
2023,6,3,SPP,624.5545179
2023,6,4,CAISO,480.8972368
2023,6,4,ERCOT,563.7321594
2023,6,4,ISONE,428.3150955
2023,6,4,MISO,622.2261577
2023,6,4,NYISO,399.3597552
2023,6,4,PJM,604.3439146
2023,6,4,SPP,600.0746381
2023,6,5,CAISO,466.8295914
2023,6,5,ERCOT,602.3771144
2023,6,5,ISONE,373.2321651
2023,6,5,MISO,707.5244607
2023,6,5,NYISO,349.6074837
2023,6,5,PJM,437.3807412
2023,6,5,SPP,641.0602079
2023,6,6,CAISO,360.6014816
2023,6,6,ERCOT,653.2353141
2023,6,6,ISONE,414.9110814
2023,6,6,MISO,554.919843
2023,6,6,NYISO,339.2986615
2023,6,6,PJM,344.160761
2023,6,6,SPP,530.552516
2023,6,7,CAISO,334.638973
2023,6,7,ERCOT,471.5229685
2023,6,7,ISONE,362.4052198
2023,6,7,MISO,669.9597067
2023,6,7,NYISO,352.6924576
2023,6,7,PJM,402.746975
2023,6,7,SPP,670.0485162
2023,6,8,CAISO,354.5198505
2023,6,8,ERCOT,443.2889501
2023,6,8,ISONE,399.1592283
2023,6,8,MISO,601.4124616
2023,6,8,NYISO,362.059053
2023,6,8,PJM,353.2779581
2023,6,8,SPP,610.8937751
2023,6,9,CAISO,356.2698368
2023,6,9,ERCOT,545.1061939
2023,6,9,ISONE,401.9045483
2023,6,9,MISO,536.1529088
2023,6,9,NYISO,395.5855976
2023,6,9,PJM,383.5719647
2023,6,9,SPP,612.3361216
2023,6,10,CAISO,316.444611
2023,6,10,ERCOT,539.2084837
2023,6,10,ISONE,374.8711529
2023,6,10,MISO,562.1627501
2023,6,10,NYISO,352.0721978
2023,6,10,PJM,376.2590699
2023,6,10,SPP,621.3272052
2023,6,11,CAISO,322.7448673
2023,6,11,ERCOT,603.3988844
2023,6,11,ISONE,372.1760832
2023,6,11,MISO,617.0644204
2023,6,11,NYISO,409.0425643
2023,6,11,PJM,423.3452612
2023,6,11,SPP,650.5391209
2023,6,12,CAISO,346.9871252
2023,6,12,ERCOT,558.8627046
2023,6,12,ISONE,384.9577211
2023,6,12,MISO,628.405971
2023,6,12,NYISO,455.685003
2023,6,12,PJM,455.8958555
2023,6,12,SPP,631.0495702
2023,6,13,CAISO,421.2247562
2023,6,13,ERCOT,609.1725035
2023,6,13,ISONE,422.4924254
2023,6,13,MISO,700.7552451
2023,6,13,NYISO,447.8638066
2023,6,13,PJM,503.1452808
2023,6,13,SPP,682.4481598
2023,6,14,CAISO,404.1631045
2023,6,14,ERCOT,564.9535964
2023,6,14,ISONE,410.5483778
2023,6,14,MISO,718.5225357
2023,6,14,NYISO,431.9566584
2023,6,14,PJM,531.8635715
2023,6,14,SPP,738.5981274
2023,6,15,CAISO,471.3909991
2023,6,15,ERCOT,567.0789695
2023,6,15,ISONE,389.7696565
2023,6,15,MISO,732.9477102
2023,6,15,NYISO,426.9415095
2023,6,15,PJM,565.2890162
2023,6,15,SPP,696.9318339
2023,6,16,CAISO,229.4374989
2023,6,16,ERCOT,496.9478961
2023,6,16,ISONE,410.1896981
2023,6,16,MISO,660.4616846
2023,6,16,NYISO,395.0784287
2023,6,16,PJM,607.4391526
2023,6,16,SPP,664.326564
2023,6,17,CAISO,343.6526146
2023,6,17,ERCOT,536.9867947
2023,6,17,ISONE,393.2567999
2023,6,17,MISO,732.3256921
2023,6,17,NYISO,451.0910552
2023,6,17,PJM,512.9196564
2023,6,17,SPP,657.08885
2023,6,18,CAISO,460.43475
2023,6,18,ERCOT,540.1516332
2023,6,18,ISONE,383.6474409
2023,6,18,MISO,691.7287452
2023,6,18,NYISO,433.822219
2023,6,18,PJM,546.7355978
2023,6,18,SPP,663.7610724
2023,6,19,CAISO,303.9415015
2023,6,19,ERCOT,579.44548
2023,6,19,ISONE,430.5111954
2023,6,19,MISO,660.6303785
2023,6,19,NYISO,426.839813
2023,6,19,PJM,559.9285601
2023,6,19,SPP,632.7987174
2023,6,20,CAISO,341.0034881
2023,6,20,ERCOT,529.6407051
2023,6,20,ISONE,383.9257152
2023,6,20,MISO,684.8228167
2023,6,20,NYISO,416.0504894
2023,6,20,PJM,615.6739734
2023,6,20,SPP,637.9469614
2023,6,21,CAISO,418.9618668
2023,6,21,ERCOT,521.8549878
2023,6,21,ISONE,410.2065729
2023,6,21,MISO,636.7304401
2023,6,21,NYISO,429.0314037
2023,6,21,PJM,733.3756686
2023,6,21,SPP,626.4137192
2023,6,22,CAISO,359.2920527
2023,6,22,ERCOT,552.1193441
2023,6,22,ISONE,379.0878843
2023,6,22,MISO,751.3798475
2023,6,22,NYISO,471.8265606
2023,6,22,PJM,569.7546143
2023,6,22,SPP,690.0766163
2023,6,23,CAISO,379.4769863
2023,6,23,ERCOT,594.675604
2023,6,23,ISONE,404.9394247
2023,6,23,MISO,736.8738873
2023,6,23,NYISO,439.8978901
2023,6,23,PJM,560.1345062
2023,6,23,SPP,647.6291266
2023,7,0,CAISO,370.0186402
2023,7,0,ERCOT,551.8735593
2023,7,0,ISONE,415.9443806
2023,7,0,MISO,645.7663852
2023,7,0,NYISO,438.5651151
2023,7,0,PJM,652.2331598
2023,7,0,SPP,632.1162878
2023,7,1,CAISO,241.6798877
2023,7,1,ERCOT,555.8700072
2023,7,1,ISONE,493.6840629
2023,7,1,MISO,656.8691384
2023,7,1,NYISO,541.9706128
2023,7,1,PJM,678.5898886
2023,7,1,SPP,616.6501815
2023,7,2,CAISO,369.2451923
2023,7,2,ERCOT,549.8464245
2023,7,2,ISONE,375.8024631
2023,7,2,MISO,663.8272225
2023,7,2,NYISO,520.1851388
2023,7,2,PJM,693.380589
2023,7,2,SPP,604.8011588
2023,7,3,CAISO,473.9819277
2023,7,3,ERCOT,466.5374903
2023,7,3,ISONE,382.9461308
2023,7,3,MISO,694.56776
2023,7,3,NYISO,491.7299622
2023,7,3,PJM,609.1242055
2023,7,3,SPP,607.69435
2023,7,4,CAISO,501.3677451
2023,7,4,ERCOT,597.0041395
2023,7,4,ISONE,383.5542943
2023,7,4,MISO,746.2660697
2023,7,4,NYISO,528.790012
2023,7,4,PJM,627.3134168
2023,7,4,SPP,617.5956137
2023,7,5,CAISO,467.0567211
2023,7,5,ERCOT,613.9185239
2023,7,5,ISONE,393.2835661
2023,7,5,MISO,707.3123479
2023,7,5,NYISO,391.9031866
2023,7,5,PJM,602.1716323
2023,7,5,SPP,545.2565065
2023,7,6,CAISO,493.0080879
2023,7,6,ERCOT,589.1712565
2023,7,6,ISONE,358.3703598
2023,7,6,MISO,679.3831934
2023,7,6,NYISO,413.8468772
2023,7,6,PJM,652.5602694
2023,7,6,SPP,618.0159856
2023,7,7,CAISO,389.8842917
2023,7,7,ERCOT,604.3723609
2023,7,7,ISONE,358.0178956
2023,7,7,MISO,701.1204668
2023,7,7,NYISO,405.6800694
2023,7,7,PJM,429.9501503
2023,7,7,SPP,638.6912539
2023,7,8,CAISO,410.0123292
2023,7,8,ERCOT,598.740882
2023,7,8,ISONE,385.6718177
2023,7,8,MISO,671.0260114
2023,7,8,NYISO,399.7074782
2023,7,8,PJM,431.377141
2023,7,8,SPP,674.0693288
2023,7,9,CAISO,342.6210741
2023,7,9,ERCOT,632.0254246
2023,7,9,ISONE,429.0071699
2023,7,9,MISO,639.0396501
2023,7,9,NYISO,395.6079682
2023,7,9,PJM,428.727516
2023,7,9,SPP,652.984911
2023,7,10,CAISO,355.2624738
2023,7,10,ERCOT,602.0069031
2023,7,10,ISONE,418.2523719
2023,7,10,MISO,637.8775523
2023,7,10,NYISO,399.5022767
2023,7,10,PJM,466.2270774
2023,7,10,SPP,665.3713376
2023,7,11,CAISO,364.573384
2023,7,11,ERCOT,588.8904761
2023,7,11,ISONE,376.0710921
2023,7,11,MISO,703.1480953
2023,7,11,NYISO,497.821807
2023,7,11,PJM,493.2634673
2023,7,11,SPP,624.9933088
2023,7,12,CAISO,329.3353533
2023,7,12,ERCOT,580.2438994
2023,7,12,ISONE,366.9786813
2023,7,12,MISO,690.3984258
2023,7,12,NYISO,531.6462551
2023,7,12,PJM,573.8705983
2023,7,12,SPP,672.8437666
2023,7,13,CAISO,356.3933999
2023,7,13,ERCOT,600.8249181
2023,7,13,ISONE,408.2711996
2023,7,13,MISO,647.4137564
2023,7,13,NYISO,445.7308316
2023,7,13,PJM,584.3861438
2023,7,13,SPP,600.9429528
2023,7,14,CAISO,441.1939814
2023,7,14,ERCOT,556.8964093
2023,7,14,ISONE,304.8504108
2023,7,14,MISO,713.3071079
2023,7,14,NYISO,492.682087
2023,7,14,PJM,689.2402052
2023,7,14,SPP,666.1414267
2023,7,15,CAISO,379.2431231
2023,7,15,ERCOT,600.9453671
2023,7,15,ISONE,399.1331086
2023,7,15,MISO,747.8463305
2023,7,15,NYISO,444.882602
2023,7,15,PJM,604.813507
2023,7,15,SPP,693.4958846
2023,7,16,CAISO,364.5880688
2023,7,16,ERCOT,594.340482
2023,7,16,ISONE,443.628914
2023,7,16,MISO,679.260306
2023,7,16,NYISO,427.7229695
2023,7,16,PJM,608.2104509
2023,7,16,SPP,623.3945083
2023,7,17,CAISO,310.2723417
2023,7,17,ERCOT,572.2084129
2023,7,17,ISONE,392.3476602
2023,7,17,MISO,618.49929
2023,7,17,NYISO,457.4222742
2023,7,17,PJM,586.6869935
2023,7,17,SPP,652.9931051
2023,7,18,CAISO,327.2803153
2023,7,18,ERCOT,539.082813
2023,7,18,ISONE,386.1025557
2023,7,18,MISO,632.0611666
2023,7,18,NYISO,452.1322634
2023,7,18,PJM,633.0470628
2023,7,18,SPP,587.7219053
2023,7,19,CAISO,347.7894227
2023,7,19,ERCOT,525.073048
2023,7,19,ISONE,381.8831457
2023,7,19,MISO,602.6301796
2023,7,19,NYISO,443.9900589
2023,7,19,PJM,603.9609529
2023,7,19,SPP,596.2744817
2023,7,20,CAISO,352.30457
2023,7,20,ERCOT,550.4794523
2023,7,20,ISONE,363.5508768
2023,7,20,MISO,575.6413423
2023,7,20,NYISO,433.5420468
2023,7,20,PJM,626.9981735
2023,7,20,SPP,577.9697519
2023,7,21,CAISO,399.8311862
2023,7,21,ERCOT,528.4606014
2023,7,21,ISONE,415.6115238
2023,7,21,MISO,654.6362205
2023,7,21,NYISO,495.9673251
2023,7,21,PJM,689.6154949
2023,7,21,SPP,546.4034542
2023,7,22,CAISO,429.7602304
2023,7,22,ERCOT,571.0335235
2023,7,22,ISONE,388.2752151
2023,7,22,MISO,605.9088847
2023,7,22,NYISO,456.5276015
2023,7,22,PJM,710.4489433
2023,7,22,SPP,628.47788
2023,7,23,CAISO,431.041176
2023,7,23,ERCOT,552.2169472
2023,7,23,ISONE,375.2281576
2023,7,23,MISO,683.5538417
2023,7,23,NYISO,418.8164415
2023,7,23,PJM,583.6093234
2023,7,23,SPP,619.9046937
2023,8,0,CAISO,325.2810451
2023,8,0,ERCOT,431.8166386
2023,8,0,ISONE,397.7839523
2023,8,0,MISO,647.1682627
2023,8,0,NYISO,475.6247948
2023,8,0,PJM,716.3286634
2023,8,0,SPP,638.0883321
2023,8,1,CAISO,398.5502043
2023,8,1,ERCOT,522.6082878
2023,8,1,ISONE,418.7995349
2023,8,1,MISO,684.4839513
2023,8,1,NYISO,489.8056517
2023,8,1,PJM,638.1962726
2023,8,1,SPP,644.6404461
2023,8,2,CAISO,407.4605185
2023,8,2,ERCOT,534.3309079
2023,8,2,ISONE,383.6456206
2023,8,2,MISO,734.7199934
2023,8,2,NYISO,475.2606889
2023,8,2,PJM,654.2253586
2023,8,2,SPP,642.348988
2023,8,3,CAISO,510.3267017
2023,8,3,ERCOT,500.5328338
2023,8,3,ISONE,474.8290027
2023,8,3,MISO,645.1246562
2023,8,3,NYISO,435.531507
2023,8,3,PJM,641.1120688
2023,8,3,SPP,625.7277198
2023,8,4,CAISO,525.8027109
2023,8,4,ERCOT,493.5356573
2023,8,4,ISONE,370.7060682
2023,8,4,MISO,685.7733387
2023,8,4,NYISO,386.0378825
2023,8,4,PJM,584.5750148
2023,8,4,SPP,608.4109684
2023,8,5,CAISO,400.6351595
2023,8,5,ERCOT,532.3911892
2023,8,5,ISONE,396.1817155
2023,8,5,MISO,695.1679261
2023,8,5,NYISO,429.2206198
2023,8,5,PJM,515.4230337
2023,8,5,SPP,656.220696
2023,8,6,CAISO,445.888708
2023,8,6,ERCOT,604.2657066
2023,8,6,ISONE,391.8420878
2023,8,6,MISO,735.0201647
2023,8,6,NYISO,419.6270089
2023,8,6,PJM,513.2179586
2023,8,6,SPP,666.256241
2023,8,7,CAISO,398.8396674
2023,8,7,ERCOT,581.8777659
2023,8,7,ISONE,347.801719
2023,8,7,MISO,687.6896965
2023,8,7,NYISO,384.065757
2023,8,7,PJM,344.618092
2023,8,7,SPP,672.4475676
2023,8,8,CAISO,337.3423104
2023,8,8,ERCOT,575.3907886
2023,8,8,ISONE,396.5994945
2023,8,8,MISO,619.6852267
2023,8,8,NYISO,337.1086619
2023,8,8,PJM,383.3732399
2023,8,8,SPP,738.7878107
2023,8,9,CAISO,386.9534263
2023,8,9,ERCOT,564.7906046
2023,8,9,ISONE,414.2225014
2023,8,9,MISO,638.9689614
2023,8,9,NYISO,430.7239298
2023,8,9,PJM,449.283285
2023,8,9,SPP,667.3726182
2023,8,10,CAISO,362.5814851
2023,8,10,ERCOT,557.4609204
2023,8,10,ISONE,410.3568995
2023,8,10,MISO,695.590138
2023,8,10,NYISO,406.8838761
2023,8,10,PJM,521.8127161
2023,8,10,SPP,748.8943085
2023,8,11,CAISO,249.9288632
2023,8,11,ERCOT,573.1224631
2023,8,11,ISONE,394.0323738
2023,8,11,MISO,730.0483104
2023,8,11,NYISO,391.2118406
2023,8,11,PJM,549.0885115
2023,8,11,SPP,675.7938923
2023,8,12,CAISO,317.9013909
2023,8,12,ERCOT,587.8607545
2023,8,12,ISONE,361.0778747
2023,8,12,MISO,684.9830641
2023,8,12,NYISO,437.2870864
2023,8,12,PJM,504.7332052
2023,8,12,SPP,624.1591065
2023,8,13,CAISO,329.8243881
2023,8,13,ERCOT,500.7835516
2023,8,13,ISONE,389.278257
2023,8,13,MISO,673.5799079
2023,8,13,NYISO,425.6015261
2023,8,13,PJM,462.020194
2023,8,13,SPP,574.2321485
2023,8,14,CAISO,337.2028449
2023,8,14,ERCOT,567.8066292
2023,8,14,ISONE,383.3114341
2023,8,14,MISO,599.16081
2023,8,14,NYISO,464.5308686
2023,8,14,PJM,461.4140689
2023,8,14,SPP,661.8863999
2023,8,15,CAISO,368.7498513
2023,8,15,ERCOT,564.90752
2023,8,15,ISONE,443.8092264
2023,8,15,MISO,660.5847178
2023,8,15,NYISO,461.0326682
2023,8,15,PJM,617.8410847
2023,8,15,SPP,747.1924623
2023,8,16,CAISO,414.8809982
2023,8,16,ERCOT,619.6664373
2023,8,16,ISONE,383.8347221
2023,8,16,MISO,690.0607344
2023,8,16,NYISO,447.696947
2023,8,16,PJM,545.8798039
2023,8,16,SPP,677.5220992
2023,8,17,CAISO,288.32829
2023,8,17,ERCOT,562.3570873
2023,8,17,ISONE,431.4381112
2023,8,17,MISO,667.1329516
2023,8,17,NYISO,499.9695917
2023,8,17,PJM,610.9325467
2023,8,17,SPP,659.9971935
2023,8,18,CAISO,355.6306823
2023,8,18,ERCOT,508.4087618
2023,8,18,ISONE,383.4988431
2023,8,18,MISO,733.4470994
2023,8,18,NYISO,443.4788388
2023,8,18,PJM,633.1003397
2023,8,18,SPP,695.1080494
2023,8,19,CAISO,387.8744356
2023,8,19,ERCOT,521.3106304
2023,8,19,ISONE,394.052888
2023,8,19,MISO,595.1825157
2023,8,19,NYISO,418.1515947
2023,8,19,PJM,621.100898
2023,8,19,SPP,605.7699123
2023,8,20,CAISO,463.7833398
2023,8,20,ERCOT,560.1036297
2023,8,20,ISONE,432.4093535
2023,8,20,MISO,682.6427498
2023,8,20,NYISO,514.6139246
2023,8,20,PJM,536.0845031
2023,8,20,SPP,644.0946863
2023,8,21,CAISO,384.6037247
2023,8,21,ERCOT,511.9521835
2023,8,21,ISONE,434.9971904
2023,8,21,MISO,632.9240678
2023,8,21,NYISO,458.343321
2023,8,21,PJM,631.2992912
2023,8,21,SPP,628.0126997
2023,8,22,CAISO,383.6671747
2023,8,22,ERCOT,466.358239
2023,8,22,ISONE,308.4972496
2023,8,22,MISO,712.874888
2023,8,22,NYISO,524.4673386
2023,8,22,PJM,710.6578698
2023,8,22,SPP,589.9444851
2023,8,23,CAISO,348.9093983
2023,8,23,ERCOT,485.0579567
2023,8,23,ISONE,461.5661071
2023,8,23,MISO,646.7261811
2023,8,23,NYISO,457.3441485
2023,8,23,PJM,554.1202723
2023,8,23,SPP,611.258593
2023,9,0,CAISO,335.4958755
2023,9,0,ERCOT,545.294965
2023,9,0,ISONE,553.394917
2023,9,0,MISO,683.6663
2023,9,0,NYISO,481.8013206
2023,9,0,PJM,707.043992
2023,9,0,SPP,694.8597435
2023,9,1,CAISO,433.6947482
2023,9,1,ERCOT,590.8945405
2023,9,1,ISONE,576.1407904
2023,9,1,MISO,647.1783593
2023,9,1,NYISO,472.5562482
2023,9,1,PJM,618.4604355
2023,9,1,SPP,645.2558644
2023,9,2,CAISO,484.583634
2023,9,2,ERCOT,515.6809232
2023,9,2,ISONE,454.8925353
2023,9,2,MISO,684.0561318
2023,9,2,NYISO,448.6518716
2023,9,2,PJM,667.5603313
2023,9,2,SPP,630.3959863
2023,9,3,CAISO,485.1227214
2023,9,3,ERCOT,579.0501552
2023,9,3,ISONE,429.1522902
2023,9,3,MISO,564.9703681
2023,9,3,NYISO,534.9659741
2023,9,3,PJM,549.9988515
2023,9,3,SPP,611.2783155
2023,9,4,CAISO,469.5971942
2023,9,4,ERCOT,515.4240307
2023,9,4,ISONE,413.8543853
2023,9,4,MISO,678.8589447
2023,9,4,NYISO,501.3934802
2023,9,4,PJM,558.0491834
2023,9,4,SPP,619.6434255
2023,9,5,CAISO,459.2322675
2023,9,5,ERCOT,534.3481313
2023,9,5,ISONE,328.7073158
2023,9,5,MISO,677.4685273
2023,9,5,NYISO,390.5236106
2023,9,5,PJM,519.1195214
2023,9,5,SPP,585.8833974
2023,9,6,CAISO,398.1584712
2023,9,6,ERCOT,633.0061347
2023,9,6,ISONE,346.1919319
2023,9,6,MISO,426.1341411
2023,9,6,NYISO,474.5796689
2023,9,6,PJM,444.6374275
2023,9,6,SPP,536.5376153
2023,9,7,CAISO,356.0376672
2023,9,7,ERCOT,555.4640654
2023,9,7,ISONE,374.4780369
2023,9,7,MISO,633.4490373
2023,9,7,NYISO,386.2362898
2023,9,7,PJM,443.9434935
2023,9,7,SPP,687.2589218
2023,9,8,CAISO,360.3041724
2023,9,8,ERCOT,549.5724465
2023,9,8,ISONE,374.8074546
2023,9,8,MISO,529.5232701
2023,9,8,NYISO,390.530079
2023,9,8,PJM,388.9340685
2023,9,8,SPP,695.7526887
2023,9,9,CAISO,380.7398163
2023,9,9,ERCOT,557.0915073
2023,9,9,ISONE,437.6864323
2023,9,9,MISO,655.6288461
2023,9,9,NYISO,415.2293171
2023,9,9,PJM,489.7811874
2023,9,9,SPP,730.1561415
2023,9,10,CAISO,377.222957
2023,9,10,ERCOT,546.3498921
2023,9,10,ISONE,384.7827816
2023,9,10,MISO,724.6991928
2023,9,10,NYISO,403.5015588
2023,9,10,PJM,526.02541
2023,9,10,SPP,664.2098405
2023,9,11,CAISO,335.2871376
2023,9,11,ERCOT,568.3528964
2023,9,11,ISONE,375.2217659
2023,9,11,MISO,646.6050592
2023,9,11,NYISO,404.6606494
2023,9,11,PJM,555.181142
2023,9,11,SPP,692.6677052
2023,9,12,CAISO,344.8586265
2023,9,12,ERCOT,650.0976761
2023,9,12,ISONE,414.30695
2023,9,12,MISO,621.5260586
2023,9,12,NYISO,449.6856193
2023,9,12,PJM,527.3845922
2023,9,12,SPP,637.4587493
2023,9,13,CAISO,360.6639635
2023,9,13,ERCOT,553.4383237
2023,9,13,ISONE,403.9188235
2023,9,13,MISO,457.6504122
2023,9,13,NYISO,433.47411
2023,9,13,PJM,411.883958
2023,9,13,SPP,508.8846678
2023,9,14,CAISO,321.4009295
2023,9,14,ERCOT,569.5539194
2023,9,14,ISONE,391.7793907
2023,9,14,MISO,540.9907239
2023,9,14,NYISO,420.6869221
2023,9,14,PJM,470.6359234
2023,9,14,SPP,610.1796776
2023,9,15,CAISO,407.7410394
2023,9,15,ERCOT,597.4130981
2023,9,15,ISONE,401.2822627
2023,9,15,MISO,723.040755
2023,9,15,NYISO,456.0808504
2023,9,15,PJM,598.2585495
2023,9,15,SPP,656.4250466
2023,9,16,CAISO,338.6679367
2023,9,16,ERCOT,601.6392745
2023,9,16,ISONE,426.1640601
2023,9,16,MISO,689.9314547
2023,9,16,NYISO,451.6986747
2023,9,16,PJM,555.8257787
2023,9,16,SPP,669.4189114
2023,9,17,CAISO,382.1403021
2023,9,17,ERCOT,509.7295292
2023,9,17,ISONE,419.3523328
2023,9,17,MISO,699.2463928
2023,9,17,NYISO,517.3808744
2023,9,17,PJM,631.1051363
2023,9,17,SPP,692.5915735
2023,9,18,CAISO,324.9567879
2023,9,18,ERCOT,526.9331568
2023,9,18,ISONE,420.9423076
2023,9,18,MISO,729.9305355
2023,9,18,NYISO,410.9673557
2023,9,18,PJM,619.860669
2023,9,18,SPP,674.8357362
2023,9,19,CAISO,309.0489732
2023,9,19,ERCOT,542.3012255
2023,9,19,ISONE,395.1425596
2023,9,19,MISO,641.1108002
2023,9,19,NYISO,497.3990999
2023,9,19,PJM,570.6260972
2023,9,19,SPP,670.0061398
2023,9,20,CAISO,389.9776373
2023,9,20,ERCOT,562.454491
2023,9,20,ISONE,397.0206484
2023,9,20,MISO,684.6696654
2023,9,20,NYISO,429.2041769
2023,9,20,PJM,542.7302196
2023,9,20,SPP,650.4064676
2023,9,21,CAISO,393.9966024
2023,9,21,ERCOT,543.8950022
2023,9,21,ISONE,393.7483868
2023,9,21,MISO,668.8217061
2023,9,21,NYISO,473.059846
2023,9,21,PJM,628.3531962
2023,9,21,SPP,657.5566792
2023,9,22,CAISO,318.6843624
2023,9,22,ERCOT,493.4913957
2023,9,22,ISONE,400.8225122
2023,9,22,MISO,679.3911505
2023,9,22,NYISO,490.1019014
2023,9,22,PJM,602.557369
2023,9,22,SPP,619.3994736
2023,9,23,CAISO,347.9727954
2023,9,23,ERCOT,536.4898761
2023,9,23,ISONE,458.0180692
2023,9,23,MISO,692.410899
2023,9,23,NYISO,411.3532912
2023,9,23,PJM,607.3457721
2023,9,23,SPP,674.7382502
2023,10,0,CAISO,355.08872
2023,10,0,ERCOT,628.3449228
2023,10,0,ISONE,487.3522217
2023,10,0,MISO,709.2296869
2023,10,0,NYISO,457.9136908
2023,10,0,PJM,692.5245586
2023,10,0,SPP,691.2057096
2023,10,1,CAISO,363.3020682
2023,10,1,ERCOT,631.3519683
2023,10,1,ISONE,451.3822123
2023,10,1,MISO,664.6437351
2023,10,1,NYISO,478.993454
2023,10,1,PJM,564.3897775
2023,10,1,SPP,678.4989983
2023,10,2,CAISO,476.7652813
2023,10,2,ERCOT,576.4150165
2023,10,2,ISONE,371.3062891
2023,10,2,MISO,619.4223634
2023,10,2,NYISO,432.8006904
2023,10,2,PJM,546.4073665
2023,10,2,SPP,658.0363244
2023,10,3,CAISO,440.4166001
2023,10,3,ERCOT,480.0691263
2023,10,3,ISONE,347.7664052
2023,10,3,MISO,705.4805942
2023,10,3,NYISO,477.7647053
2023,10,3,PJM,615.9640582
2023,10,3,SPP,610.8695908
2023,10,4,CAISO,473.4042508
2023,10,4,ERCOT,473.7553644
2023,10,4,ISONE,334.3545373
2023,10,4,MISO,546.11414
2023,10,4,NYISO,387.6791832
2023,10,4,PJM,559.2591801
2023,10,4,SPP,703.6645184
2023,10,5,CAISO,475.2305029
2023,10,5,ERCOT,533.512219
2023,10,5,ISONE,325.4336082
2023,10,5,MISO,621.3796354
2023,10,5,NYISO,347.3194452
2023,10,5,PJM,530.5700694
2023,10,5,SPP,621.7498681
2023,10,6,CAISO,382.7878741
2023,10,6,ERCOT,537.2526454
2023,10,6,ISONE,393.4789879
2023,10,6,MISO,593.1978387
2023,10,6,NYISO,396.9905357
2023,10,6,PJM,595.51419
2023,10,6,SPP,574.7637183
2023,10,7,CAISO,364.3554855
2023,10,7,ERCOT,557.1931972
2023,10,7,ISONE,405.0670621
2023,10,7,MISO,697.9628453
2023,10,7,NYISO,384.1699668
2023,10,7,PJM,463.1676071
2023,10,7,SPP,684.0498712
2023,10,8,CAISO,343.9383499
2023,10,8,ERCOT,551.8726556
2023,10,8,ISONE,384.9180542
2023,10,8,MISO,639.8773479
2023,10,8,NYISO,410.9254592
2023,10,8,PJM,493.7272683
2023,10,8,SPP,677.7421292
2023,10,9,CAISO,370.9848834
2023,10,9,ERCOT,519.3075884
2023,10,9,ISONE,357.8308185
2023,10,9,MISO,550.7223891
2023,10,9,NYISO,345.69084
2023,10,9,PJM,550.9647791
2023,10,9,SPP,659.2922773
2023,10,10,CAISO,352.7591373
2023,10,10,ERCOT,588.7575006
2023,10,10,ISONE,352.0912893
2023,10,10,MISO,602.6712406
2023,10,10,NYISO,371.6081983
2023,10,10,PJM,520.4586769
2023,10,10,SPP,594.4492869
2023,10,11,CAISO,359.863389
2023,10,11,ERCOT,587.605041
2023,10,11,ISONE,332.0934277
2023,10,11,MISO,692.8738582
2023,10,11,NYISO,442.8486089
2023,10,11,PJM,550.3606769
2023,10,11,SPP,720.2169259
2023,10,12,CAISO,326.6281998
2023,10,12,ERCOT,579.4332451
2023,10,12,ISONE,362.0978708
2023,10,12,MISO,667.5992874
2023,10,12,NYISO,452.8924253
2023,10,12,PJM,582.3949175
2023,10,12,SPP,727.3979955
2023,10,13,CAISO,353.7178339
2023,10,13,ERCOT,566.3010945
2023,10,13,ISONE,402.0062552
2023,10,13,MISO,677.035949
2023,10,13,NYISO,445.0430962
2023,10,13,PJM,566.7458136
2023,10,13,SPP,588.5218446
2023,10,14,CAISO,335.8821737
2023,10,14,ERCOT,524.2996664
2023,10,14,ISONE,380.3592198
2023,10,14,MISO,612.92766
2023,10,14,NYISO,445.2414093
2023,10,14,PJM,574.3685759
2023,10,14,SPP,633.9973446
2023,10,15,CAISO,402.4976792
2023,10,15,ERCOT,586.6532731
2023,10,15,ISONE,399.6897094
2023,10,15,MISO,622.7218579
2023,10,15,NYISO,464.7525992
2023,10,15,PJM,548.7903195
2023,10,15,SPP,668.4570196
2023,10,16,CAISO,353.7994277
2023,10,16,ERCOT,550.0826531
2023,10,16,ISONE,373.9167235
2023,10,16,MISO,673.3318988
2023,10,16,NYISO,510.6916483
2023,10,16,PJM,611.1032247
2023,10,16,SPP,670.5831724
2023,10,17,CAISO,415.2689055
2023,10,17,ERCOT,542.3444953
2023,10,17,ISONE,400.9961607
2023,10,17,MISO,727.0607742
2023,10,17,NYISO,468.241978
2023,10,17,PJM,615.6883864
2023,10,17,SPP,726.5511106
2023,10,18,CAISO,319.8006826
2023,10,18,ERCOT,528.706136
2023,10,18,ISONE,368.5099398
2023,10,18,MISO,690.792583
2023,10,18,NYISO,424.1422274
2023,10,18,PJM,599.7202334
2023,10,18,SPP,655.2769339
2023,10,19,CAISO,349.6156224
2023,10,19,ERCOT,516.4234052
2023,10,19,ISONE,345.2776367
2023,10,19,MISO,656.7721141
2023,10,19,NYISO,368.5532339
2023,10,19,PJM,578.7890506
2023,10,19,SPP,698.6317823
2023,10,20,CAISO,349.1633636
2023,10,20,ERCOT,522.4025798
2023,10,20,ISONE,379.4842518
2023,10,20,MISO,697.4729673
2023,10,20,NYISO,459.655134
2023,10,20,PJM,589.5059486
2023,10,20,SPP,626.3785518
2023,10,21,CAISO,353.4827661
2023,10,21,ERCOT,533.3596396
2023,10,21,ISONE,384.2515349
2023,10,21,MISO,689.6305106
2023,10,21,NYISO,496.796274
2023,10,21,PJM,461.8234004
2023,10,21,SPP,664.5536116
2023,10,22,CAISO,396.4716628
2023,10,22,ERCOT,504.8303811
2023,10,22,ISONE,287.6949092
2023,10,22,MISO,704.1271673
2023,10,22,NYISO,476.8000763
2023,10,22,PJM,534.2855138
2023,10,22,SPP,670.7347098
2023,10,23,CAISO,318.9188988
2023,10,23,ERCOT,551.0247698
2023,10,23,ISONE,446.8924679
2023,10,23,MISO,704.3159445
2023,10,23,NYISO,400.5574612
2023,10,23,PJM,578.2402925
2023,10,23,SPP,672.6386591
2023,11,0,CAISO,376.1994576
2023,11,0,ERCOT,614.9863589
2023,11,0,ISONE,413.8118102
2023,11,0,MISO,697.5689674
2023,11,0,NYISO,352.2881282
2023,11,0,PJM,569.9367099
2023,11,0,SPP,682.1589507
2023,11,1,CAISO,454.1016781
2023,11,1,ERCOT,642.8775184
2023,11,1,ISONE,448.5824732
2023,11,1,MISO,622.856483
2023,11,1,NYISO,456.950531
2023,11,1,PJM,480.0519926
2023,11,1,SPP,709.5761389
2023,11,2,CAISO,467.8313658
2023,11,2,ERCOT,568.0772026
2023,11,2,ISONE,337.2794052
2023,11,2,MISO,699.0306686
2023,11,2,NYISO,395.135338
2023,11,2,PJM,551.3417084
2023,11,2,SPP,679.3142445
2023,11,3,CAISO,400.4114906
2023,11,3,ERCOT,646.8091116
2023,11,3,ISONE,352.9056062
2023,11,3,MISO,690.8670577
2023,11,3,NYISO,414.4547706
2023,11,3,PJM,514.4928322
2023,11,3,SPP,659.5711631
2023,11,4,CAISO,421.7121416
2023,11,4,ERCOT,582.7920797
2023,11,4,ISONE,353.2958313
2023,11,4,MISO,624.0932505
2023,11,4,NYISO,485.3699103
2023,11,4,PJM,480.505596
2023,11,4,SPP,609.2541031
2023,11,5,CAISO,337.1851177
2023,11,5,ERCOT,495.4756706
2023,11,5,ISONE,377.5538127
2023,11,5,MISO,606.1646862
2023,11,5,NYISO,310.8287142
2023,11,5,PJM,482.8433313
2023,11,5,SPP,599.1506672
2023,11,6,CAISO,414.2769821
2023,11,6,ERCOT,549.4028381
2023,11,6,ISONE,333.9787633
2023,11,6,MISO,599.4351818
2023,11,6,NYISO,375.7087401
2023,11,6,PJM,402.5349226
2023,11,6,SPP,648.279143
2023,11,7,CAISO,323.4327978
2023,11,7,ERCOT,536.7773043
2023,11,7,ISONE,327.3351856
2023,11,7,MISO,543.9395279
2023,11,7,NYISO,385.8623057
2023,11,7,PJM,490.3961347
2023,11,7,SPP,635.1651175
2023,11,8,CAISO,405.6206789
2023,11,8,ERCOT,523.9318107
2023,11,8,ISONE,344.9470246
2023,11,8,MISO,591.0783534
2023,11,8,NYISO,416.9014453
2023,11,8,PJM,433.3853376
2023,11,8,SPP,656.0492504
2023,11,9,CAISO,358.0099097
2023,11,9,ERCOT,566.1982485
2023,11,9,ISONE,424.1099203
2023,11,9,MISO,581.0077432
2023,11,9,NYISO,340.8418595
2023,11,9,PJM,549.5801307
2023,11,9,SPP,647.5154278
2023,11,10,CAISO,285.3002608
2023,11,10,ERCOT,538.1506755
2023,11,10,ISONE,408.4728525
2023,11,10,MISO,566.5163309
2023,11,10,NYISO,413.1534216
2023,11,10,PJM,562.8944643
2023,11,10,SPP,594.5839039
2023,11,11,CAISO,320.5023064
2023,11,11,ERCOT,576.0419486
2023,11,11,ISONE,327.2628866
2023,11,11,MISO,544.2871508
2023,11,11,NYISO,398.3636613
2023,11,11,PJM,515.6458705
2023,11,11,SPP,623.8878058
2023,11,12,CAISO,326.0431565
2023,11,12,ERCOT,580.3395431
2023,11,12,ISONE,237.0008864
2023,11,12,MISO,631.5900751
2023,11,12,NYISO,448.1955793
2023,11,12,PJM,623.1191008
2023,11,12,SPP,642.3506617
2023,11,13,CAISO,393.8517434
2023,11,13,ERCOT,559.8280661
2023,11,13,ISONE,386.5948984
2023,11,13,MISO,630.4867853
2023,11,13,NYISO,419.3648705
2023,11,13,PJM,551.0222318
2023,11,13,SPP,689.319092
2023,11,14,CAISO,439.541193
2023,11,14,ERCOT,612.9827798
2023,11,14,ISONE,357.9444195
2023,11,14,MISO,657.5451911
2023,11,14,NYISO,405.3367413
2023,11,14,PJM,585.901619
2023,11,14,SPP,618.3202782
2023,11,15,CAISO,353.453569
2023,11,15,ERCOT,495.0412217
2023,11,15,ISONE,376.9071697
2023,11,15,MISO,594.1175146
2023,11,15,NYISO,380.876459
2023,11,15,PJM,520.3519321
2023,11,15,SPP,709.9121505
2023,11,16,CAISO,410.0265197
2023,11,16,ERCOT,557.0302571
2023,11,16,ISONE,411.7489299
2023,11,16,MISO,638.0189656
2023,11,16,NYISO,400.7976901
2023,11,16,PJM,528.5297147
2023,11,16,SPP,677.8734789
2023,11,17,CAISO,364.0263803
2023,11,17,ERCOT,562.6574736
2023,11,17,ISONE,378.7813543
2023,11,17,MISO,614.7021918
2023,11,17,NYISO,327.7552875
2023,11,17,PJM,495.5558429
2023,11,17,SPP,652.6986713
2023,11,18,CAISO,356.2529566
2023,11,18,ERCOT,509.1609007
2023,11,18,ISONE,348.7392089
2023,11,18,MISO,622.3363244
2023,11,18,NYISO,359.2534899
2023,11,18,PJM,494.965744
2023,11,18,SPP,647.0472677
2023,11,19,CAISO,351.094251
2023,11,19,ERCOT,506.3507016
2023,11,19,ISONE,390.0740027
2023,11,19,MISO,615.339365
2023,11,19,NYISO,366.7514864
2023,11,19,PJM,438.3243892
2023,11,19,SPP,595.7201527
2023,11,20,CAISO,376.7656018
2023,11,20,ERCOT,519.3321538
2023,11,20,ISONE,356.8860662
2023,11,20,MISO,637.224003
2023,11,20,NYISO,423.1292318
2023,11,20,PJM,467.5224614
2023,11,20,SPP,648.8220184
2023,11,21,CAISO,375.8047036
2023,11,21,ERCOT,539.8048973
2023,11,21,ISONE,384.7648333
2023,11,21,MISO,714.6293786
2023,11,21,NYISO,355.5749385
2023,11,21,PJM,495.0685119
2023,11,21,SPP,608.0733405
2023,11,22,CAISO,404.8656147
2023,11,22,ERCOT,431.3950259
2023,11,22,ISONE,390.4642128
2023,11,22,MISO,595.3051376
2023,11,22,NYISO,352.7512443
2023,11,22,PJM,600.2127354
2023,11,22,SPP,604.7460889
2023,11,23,CAISO,348.8492148
2023,11,23,ERCOT,563.8594304
2023,11,23,ISONE,389.916256
2023,11,23,MISO,696.5337237
2023,11,23,NYISO,437.9850284
2023,11,23,PJM,691.3667786
2023,11,23,SPP,678.649618
2023,12,0,CAISO,363.1632319
2023,12,0,ERCOT,676.6667276
2023,12,0,ISONE,393.0968978
2023,12,0,MISO,704.1816303
2023,12,0,NYISO,362.1451937
2023,12,0,PJM,509.0497057
2023,12,0,SPP,658.7230361
2023,12,1,CAISO,336.0672952
2023,12,1,ERCOT,663.9607375
2023,12,1,ISONE,371.1494304
2023,12,1,MISO,695.1213924
2023,12,1,NYISO,462.2216755
2023,12,1,PJM,506.3448734
2023,12,1,SPP,690.9982393
2023,12,2,CAISO,500.8594517
2023,12,2,ERCOT,550.3673753
2023,12,2,ISONE,407.4862233
2023,12,2,MISO,737.6283775
2023,12,2,NYISO,386.0689536
2023,12,2,PJM,557.3009586
2023,12,2,SPP,618.0491599
2023,12,3,CAISO,396.1643994
2023,12,3,ERCOT,549.5745669
2023,12,3,ISONE,380.4821364
2023,12,3,MISO,706.1071081
2023,12,3,NYISO,388.7918057
2023,12,3,PJM,543.4353015
2023,12,3,SPP,668.9037545
2023,12,4,CAISO,383.3625451
2023,12,4,ERCOT,479.1572724
2023,12,4,ISONE,268.3538773
2023,12,4,MISO,725.1061947
2023,12,4,NYISO,328.9107979
2023,12,4,PJM,581.1874196
2023,12,4,SPP,610.1219871
2023,12,5,CAISO,464.8223159
2023,12,5,ERCOT,420.7635717
2023,12,5,ISONE,324.6989764
2023,12,5,MISO,588.3124287
2023,12,5,NYISO,391.935271
2023,12,5,PJM,529.7801044
2023,12,5,SPP,595.8713307
2023,12,6,CAISO,474.1664471
2023,12,6,ERCOT,586.9450238
2023,12,6,ISONE,348.750964
2023,12,6,MISO,634.5780169
2023,12,6,NYISO,382.208433
2023,12,6,PJM,428.9159509
2023,12,6,SPP,599.4814748
2023,12,7,CAISO,330.0695623
2023,12,7,ERCOT,557.3919348
2023,12,7,ISONE,336.0729113
2023,12,7,MISO,542.3440942
2023,12,7,NYISO,339.1827447
2023,12,7,PJM,416.6489828
2023,12,7,SPP,570.5957676
2023,12,8,CAISO,386.2681377
2023,12,8,ERCOT,576.2028858
2023,12,8,ISONE,361.9768997
2023,12,8,MISO,618.8292341
2023,12,8,NYISO,334.4761347
2023,12,8,PJM,501.2031788
2023,12,8,SPP,628.5965917
2023,12,9,CAISO,351.5280744
2023,12,9,ERCOT,544.1788543
2023,12,9,ISONE,398.1897696
2023,12,9,MISO,609.8295618
2023,12,9,NYISO,329.9777838
2023,12,9,PJM,471.0387826
2023,12,9,SPP,586.8808451
2023,12,10,CAISO,388.0754548
2023,12,10,ERCOT,493.2741819
2023,12,10,ISONE,359.8612409
2023,12,10,MISO,588.9973452
2023,12,10,NYISO,352.7095951
2023,12,10,PJM,578.8028328
2023,12,10,SPP,574.423989
2023,12,11,CAISO,314.5191746
2023,12,11,ERCOT,466.6441829
2023,12,11,ISONE,358.2883818
2023,12,11,MISO,621.3731506
2023,12,11,NYISO,358.2974494
2023,12,11,PJM,554.401961
2023,12,11,SPP,623.9501845
2023,12,12,CAISO,349.5500123
2023,12,12,ERCOT,626.858729
2023,12,12,ISONE,329.8913684
2023,12,12,MISO,683.7655956
2023,12,12,NYISO,415.7911265
2023,12,12,PJM,539.2442536
2023,12,12,SPP,571.5338206
2023,12,13,CAISO,403.716948
2023,12,13,ERCOT,579.6939301
2023,12,13,ISONE,378.6871519
2023,12,13,MISO,666.9691263
2023,12,13,NYISO,392.8555446
2023,12,13,PJM,494.5975726
2023,12,13,SPP,620.6143422
2023,12,14,CAISO,352.8715708
2023,12,14,ERCOT,629.0475294
2023,12,14,ISONE,396.3005662
2023,12,14,MISO,757.7257145
2023,12,14,NYISO,404.6331127
2023,12,14,PJM,580.7526391
2023,12,14,SPP,628.023692
2023,12,15,CAISO,412.2359377
2023,12,15,ERCOT,533.8178828
2023,12,15,ISONE,359.7945079
2023,12,15,MISO,743.877785
2023,12,15,NYISO,368.1705418
2023,12,15,PJM,533.8151084
2023,12,15,SPP,642.6508288
2023,12,16,CAISO,405.6095564
2023,12,16,ERCOT,393.2636281
2023,12,16,ISONE,374.3993753
2023,12,16,MISO,718.0611998
2023,12,16,NYISO,346.553125
2023,12,16,PJM,544.8922972
2023,12,16,SPP,612.951833
2023,12,17,CAISO,344.9712468
2023,12,17,ERCOT,459.0888818
2023,12,17,ISONE,354.0673096
2023,12,17,MISO,657.2090532
2023,12,17,NYISO,387.7739603
2023,12,17,PJM,576.7297562
2023,12,17,SPP,701.1333531
2023,12,18,CAISO,404.9022779
2023,12,18,ERCOT,428.6080199
2023,12,18,ISONE,388.7607087
2023,12,18,MISO,666.3179937
2023,12,18,NYISO,380.9630933
2023,12,18,PJM,534.2228609
2023,12,18,SPP,668.9719088
2023,12,19,CAISO,308.7614901
2023,12,19,ERCOT,373.3884646
2023,12,19,ISONE,352.3097964
2023,12,19,MISO,659.8091104
2023,12,19,NYISO,372.8724563
2023,12,19,PJM,492.9586195
2023,12,19,SPP,701.7163943
2023,12,20,CAISO,306.4727591
2023,12,20,ERCOT,410.9150285
2023,12,20,ISONE,364.5049042
2023,12,20,MISO,674.0180688
2023,12,20,NYISO,382.7833931
2023,12,20,PJM,430.9568598
2023,12,20,SPP,596.9060552
2023,12,21,CAISO,383.744925
2023,12,21,ERCOT,466.4291794
2023,12,21,ISONE,374.1225761
2023,12,21,MISO,712.1444881
2023,12,21,NYISO,384.0960838
2023,12,21,PJM,555.0646119
2023,12,21,SPP,611.3555818
2023,12,22,CAISO,438.8843537
2023,12,22,ERCOT,401.8564062
2023,12,22,ISONE,374.6322416
2023,12,22,MISO,695.3328687
2023,12,22,NYISO,405.8726058
2023,12,22,PJM,520.6198456
2023,12,22,SPP,562.5985388
2023,12,23,CAISO,323.6814528
2023,12,23,ERCOT,521.5430104
2023,12,23,ISONE,336.1596777
2023,12,23,MISO,757.5455553
2023,12,23,NYISO,490.3217801
2023,12,23,PJM,645.4386266
2023,12,23,SPP,582.2160871