month,hour,co2_eq_kg_per_MWh,isorto
1,0,352.9209915538405,CAISO
1,1,355.8636388600605,CAISO
1,2,354.8765190375189,CAISO
1,3,275.814760039227,CAISO
1,4,329.5394694824255,CAISO
1,5,306.3633481159919,CAISO
1,6,398.32758629792636,CAISO
1,7,382.9091820812766,CAISO
1,8,371.3354059700901,CAISO
1,9,448.6492252242125,CAISO
1,10,379.85228222126153,CAISO
1,11,298.67734214065314,CAISO
1,12,408.9373313825364,CAISO
1,13,301.0673319606563,CAISO
1,14,364.443000770823,CAISO
1,15,444.0675023525404,CAISO
1,16,433.98425415693606,CAISO
1,17,342.8893129553272,CAISO
1,18,326.84951128595264,CAISO
1,19,416.7477171510323,CAISO
1,20,374.80837262228874,CAISO
1,21,321.5947279457863,CAISO
1,22,353.71374295630847,CAISO
1,23,380.4233088046236,CAISO
2,0,397.9071957563826,CAISO
2,1,420.6850467891858,CAISO
2,2,328.6338222823054,CAISO
2,3,350.30048228384413,CAISO
2,4,305.24377985258286,CAISO
2,5,339.13965826677367,CAISO
2,6,386.0645190938464,CAISO
2,7,384.4866197251296,CAISO
2,8,412.11889423369166,CAISO
2,9,448.02061624852865,CAISO
2,10,341.4229372593551,CAISO
2,11,370.5540598896764,CAISO
2,12,302.9557125873763,CAISO
2,13,372.1402890503433,CAISO
2,14,379.0447708629689,CAISO
2,15,400.9426504810032,CAISO
2,16,430.0018244019713,CAISO
2,17,351.637059752954,CAISO
2,18,356.77425274407824,CAISO
2,19,382.6104543702713,CAISO
2,20,399.02076200659343,CAISO
2,21,450.90884005479546,CAISO
2,22,381.8795458284507,CAISO
2,23,458.91237351505396,CAISO
3,0,318.8628176289432,CAISO
3,1,367.1012741790084,CAISO
3,2,331.2439878092619,CAISO
3,3,287.6068240354161,CAISO
3,4,277.0135221337544,CAISO
3,5,308.19463498618603,CAISO
3,6,434.7939089209814,CAISO
3,7,364.9099700248448,CAISO
3,8,420.94500442345856,CAISO
3,9,419.12577965209306,CAISO
3,10,345.4789408559107,CAISO
3,11,346.39360499557364,CAISO
3,12,351.1528855136964,CAISO
3,13,345.4386241334619,CAISO
3,14,393.70850619603567,CAISO
3,15,346.52997891590786,CAISO
3,16,431.1486598457743,CAISO
3,17,301.51710091273407,CAISO
3,18,328.9645667267804,CAISO
3,19,334.1875219042161,CAISO
3,20,456.9788676939366,CAISO
3,21,389.31709581027695,CAISO
3,22,443.96384271599817,CAISO
3,23,379.4499839342214,CAISO
4,0,398.59301097304234,CAISO
4,1,332.0535252321418,CAISO
4,2,300.1766573478939,CAISO
4,3,308.98744545445004,CAISO
4,4,312.4270106731067,CAISO
4,5,352.9694076802955,CAISO
4,6,446.88841414783917,CAISO
4,7,454.5737973963798,CAISO
4,8,379.3543336409358,CAISO
4,9,399.52174389900824,CAISO
4,10,367.39183034753665,CAISO
4,11,222.28491443089075,CAISO
4,12,363.2851258539695,CAISO
4,13,374.79101184533425,CAISO
4,14,385.1852660166002,CAISO
4,15,339.9395431401035,CAISO
4,16,424.484698459658,CAISO
4,17,246.0681779686885,CAISO
4,18,391.6293416754645,CAISO
4,19,371.78074795739263,CAISO
4,20,486.1366024027554,CAISO
4,21,498.5287165505129,CAISO
4,22,406.0876293008548,CAISO
4,23,368.11639551375504,CAISO
5,0,382.3274252038706,CAISO
5,1,249.00081921939497,CAISO
5,2,386.33741489858534,CAISO
5,3,316.1859339226693,CAISO
5,4,388.16578915875033,CAISO
5,5,289.6131630894779,CAISO
5,6,398.17835835534,CAISO
5,7,414.27228317992723,CAISO
5,8,447.24708863981095,CAISO
5,9,323.0160219760851,CAISO
5,10,418.67860048879515,CAISO
5,11,418.4497089367771,CAISO
5,12,410.13746132789106,CAISO
5,13,412.14584150910565,CAISO
5,14,479.9184525919096,CAISO
5,15,429.3151319940708,CAISO
5,16,398.5189614056388,CAISO
5,17,325.7247522754425,CAISO
5,18,382.87695829710964,CAISO
5,19,410.1381970788718,CAISO
5,20,328.4628114802438,CAISO
5,21,546.2969903014583,CAISO
5,22,435.0716084221726,CAISO
5,23,357.74388760294033,CAISO
6,0,334.2747515930168,CAISO
6,1,354.6519966135789,CAISO
6,2,356.420296186147,CAISO
6,3,316.46148525389617,CAISO
6,4,322.66335047252863,CAISO
6,5,347.0878964907967,CAISO
6,6,419.91484358908554,CAISO
6,7,403.43895508696306,CAISO
6,8,471.61163001237685,CAISO
6,9,229.7157496502627,CAISO
6,10,344.9615715065685,CAISO
6,11,459.5919438992281,CAISO
6,12,304.4305520323053,CAISO
6,13,341.1860010856227,CAISO
6,14,419.27341135515087,CAISO
6,15,360.55037669680274,CAISO
6,16,378.0201108061469,CAISO
6,17,324.1964950946931,CAISO
6,18,339.0577684183393,CAISO
6,19,370.60047924519125,CAISO
6,20,431.5028159713127,CAISO
6,21,479.9800051679336,CAISO
6,22,466.56443397596826,CAISO
6,23,361.4412015644175,CAISO
7,0,389.36917747253796,CAISO
7,1,410.5892073738832,CAISO
7,2,342.2255148519723,CAISO
7,3,354.595498605498,CAISO
7,4,365.14650210942943,CAISO
7,5,329.453585889885,CAISO
7,6,356.9046491016594,CAISO
7,7,441.5830533070847,CAISO
7,8,379.66821555334775,CAISO
7,9,363.44855504860135,CAISO
7,10,310.25257282365703,CAISO
7,11,327.34708220053693,CAISO
7,12,347.69559097932586,CAISO
7,13,352.59323983232633,CAISO
7,14,401.0902700537033,CAISO
7,15,430.04144928106376,CAISO
7,16,431.61607602062475,CAISO
7,17,370.46749343754294,CAISO
7,18,241.81866368877323,CAISO
7,19,370.2626551199112,CAISO
7,20,474.0862812903364,CAISO
7,21,501.0789582222893,CAISO
7,22,466.87201068624313,CAISO
7,23,493.4120865671514,CAISO
8,0,400.18694644762195,CAISO
8,1,337.5948682487391,CAISO
8,2,386.6253854176999,CAISO
8,3,362.3333176560939,CAISO
8,4,250.28071030324415,CAISO
8,5,318.0959883484081,CAISO
8,6,330.2672770185034,CAISO
8,7,337.24795179631406,CAISO
8,8,369.0242333173164,CAISO
8,9,415.78139016375167,CAISO
8,10,288.37534986592914,CAISO
8,11,356.238493459817,CAISO
8,12,388.1255772488646,CAISO
8,13,464.00975848522603,CAISO
8,14,384.2740752903241,CAISO
8,15,384.4236200206313,CAISO
8,16,348.2470619466093,CAISO
8,17,325.3750947955405,CAISO
8,18,398.8581144747899,CAISO
8,19,407.30657866289283,CAISO
8,20,509.4176334895917,CAISO
8,21,525.1296710765882,CAISO
8,22,400.3091984403646,CAISO
8,23,445.63652767614565,CAISO
9,0,355.7803268148631,CAISO
9,1,360.67240495856873,CAISO
9,2,380.0781268237969,CAISO
9,3,377.580131353012,CAISO
9,4,336.0072869593556,CAISO
9,5,344.98374215731104,CAISO
9,6,360.7500331272532,CAISO
9,7,321.73379133549133,CAISO
9,8,408.2254471452161,CAISO
9,9,337.79959286556357,CAISO
9,10,382.52508634378563,CAISO
9,11,325.2556019064846,CAISO
9,12,308.6362230035193,CAISO
9,13,390.11520826718305,CAISO
9,14,393.5319302474081,CAISO
9,15,318.6422233875452,CAISO
9,16,348.0392546244202,CAISO
9,17,336.05785968493234,CAISO
9,18,433.5698457622229,CAISO
9,19,485.3222550595015,CAISO
9,20,484.67437173186306,CAISO
9,21,469.7190010745246,CAISO
9,22,458.52409880432094,CAISO
9,23,397.9909308887853,CAISO
10,0,363.76047044273366,CAISO
10,1,344.3453535351495,CAISO
10,2,370.2413859281023,CAISO
10,3,352.5255064315362,CAISO
10,4,359.8005112198801,CAISO
10,5,327.0302133506735,CAISO
10,6,353.94341602390244,CAISO
10,7,335.70174041655474,CAISO
10,8,402.67118988441587,CAISO
10,9,352.67096397477104,CAISO
10,10,416.37054801547345,CAISO
10,11,319.8511718058886,CAISO
10,12,349.46657947551967,CAISO
10,13,349.19490059039833,CAISO
10,14,353.84278795677943,CAISO
10,15,396.09853415085746,CAISO
10,16,319.43257338539985,CAISO
10,17,355.8444126743285,CAISO
10,18,363.57802873648984,CAISO
10,19,476.55958068669446,CAISO
10,20,440.2969894925499,CAISO
10,21,473.6750912160973,CAISO
10,22,474.7834821796327,CAISO
10,23,382.60055204124427,CAISO
11,0,322.8424101078077,CAISO
11,1,405.3217331870299,CAISO
11,2,358.78319959308317,CAISO
11,3,285.3576958118968,CAISO
11,4,319.90642692293056,CAISO
11,5,326.3041829964298,CAISO
11,6,393.56852980422485,CAISO
11,7,439.6880472754602,CAISO
11,8,353.3932082632717,CAISO
11,9,410.14970023862674,CAISO
11,10,363.9780245174034,CAISO
11,11,356.61809355461475,CAISO
11,12,350.225881538222,CAISO
11,13,376.35052060549407,CAISO
11,14,376.1802555415892,CAISO
11,15,404.8262610296345,CAISO
11,16,348.6105815479859,CAISO
11,17,376.1886428530248,CAISO
11,18,455.2475310431684,CAISO
11,19,468.3034952891158,CAISO
11,20,400.2699854503866,CAISO
11,21,421.31671517554264,CAISO
11,22,337.5788683272025,CAISO
11,23,415.4582694358793,CAISO
12,0,329.7434939902582,CAISO
12,1,386.06173394725823,CAISO
12,2,351.72444418550606,CAISO
12,3,387.97518030760335,CAISO
12,4,314.56559223522186,CAISO
12,5,349.90688946194047,CAISO
12,6,403.5405875728037,CAISO
12,7,353.22748360859185,CAISO
12,8,411.6967912739038,CAISO
12,9,405.325805467349,CAISO
12,10,345.6770362388824,CAISO
12,11,405.1325914861267,CAISO
12,12,309.1668216181894,CAISO
12,13,306.9908935645776,CAISO
12,14,384.1994665141385,CAISO
12,15,438.7651983578104,CAISO
12,16,324.0540816336217,CAISO
12,17,362.8804472718354,CAISO
12,18,335.7369236822575,CAISO
12,19,501.06694307671165,CAISO
12,20,395.5471943312395,CAISO
12,21,383.161750785018,CAISO
12,22,465.25168109822386,CAISO
12,23,474.5049788664399,CAISO
1,0,400.26893008176097,ERCOT
1,1,417.9625637973678,ERCOT
1,2,433.9389435597658,ERCOT
1,3,515.0365804489716,ERCOT
1,4,578.124041116643,ERCOT
1,5,579.336445030097,ERCOT
1,6,435.2434537256065,ERCOT
1,7,476.57077202345477,ERCOT
1,8,478.10692466103484,ERCOT
1,9,548.000589331368,ERCOT
1,10,500.39113607210834,ERCOT
1,11,423.7963362847912,ERCOT
1,12,444.39815484377533,ERCOT
1,13,546.17650619534,ERCOT
1,14,445.38750676463036,ERCOT
1,15,479.06141777426535,ERCOT
1,16,417.6211520079819,ERCOT
1,17,410.9875091833814,ERCOT
1,18,436.659714447684,ERCOT
1,19,590.7062566100356,ERCOT
1,20,554.3603532951796,ERCOT
1,21,453.54081352138223,ERCOT
1,22,486.4138425946572,ERCOT
1,23,457.44280698292965,ERCOT
2,0,519.1656022280434,ERCOT
2,1,558.4356952858543,ERCOT
2,2,434.05098626900764,ERCOT
2,3,453.4805867661249,ERCOT
2,4,458.4630793809355,ERCOT
2,5,421.58803726941227,ERCOT
2,6,488.22959071772294,ERCOT
2,7,497.47647375272544,ERCOT
2,8,561.9160799560061,ERCOT
2,9,569.5636496816207,ERCOT
2,10,555.796149783264,ERCOT
2,11,473.8669586573036,ERCOT
2,12,504.41280293831954,ERCOT
2,13,422.84675955700783,ERCOT
2,14,439.58472232910907,ERCOT
2,15,484.7685235215982,ERCOT
2,16,528.5969380222067,ERCOT
2,17,439.73361727565265,ERCOT
2,18,399.4315491694376,ERCOT
2,19,512.8651177684532,ERCOT
2,20,525.7969385717481,ERCOT
2,21,448.48850410994055,ERCOT
2,22,520.3824981873032,ERCOT
2,23,467.3128944884097,ERCOT
3,0,435.46471118247104,ERCOT
3,1,491.8582712458619,ERCOT
3,2,500.7824340201587,ERCOT
3,3,577.0770498473464,ERCOT
3,4,525.7497823913067,ERCOT
3,5,533.85868252867,ERCOT
3,6,489.1621918637083,ERCOT
3,7,488.81588981367213,ERCOT
3,8,538.95812309747,ERCOT
3,9,592.4628587897414,ERCOT
3,10,508.91312936270737,ERCOT
3,11,526.9623818058088,ERCOT
3,12,506.61610450450945,ERCOT
3,13,523.3286705526494,ERCOT
3,14,528.743223723623,ERCOT
3,15,549.0876920343825,ERCOT
3,16,456.537542333782,ERCOT
3,17,448.02196948275275,ERCOT
3,18,479.7839243881841,ERCOT
3,19,544.289467209614,ERCOT
3,20,608.5618907890967,ERCOT
3,21,519.3370862520076,ERCOT
3,22,461.7532622122003,ERCOT
3,23,490.28018929611613,ERCOT
4,0,612.1127923071897,ERCOT
4,1,399.49152428083113,ERCOT
4,2,477.92053309432066,ERCOT
4,3,458.1699266687172,ERCOT
4,4,428.9586695566589,ERCOT
4,5,478.24519444059604,ERCOT
4,6,520.52212670915,ERCOT
4,7,602.493433099297,ERCOT
4,8,517.0122387718008,ERCOT
4,9,513.2798761497369,ERCOT
4,10,548.8685566791344,ERCOT
4,11,551.5067944624475,ERCOT
4,12,519.456531570965,ERCOT
4,13,526.0682614340911,ERCOT
4,14,519.0031915651812,ERCOT
4,15,561.7502329106721,ERCOT
4,16,531.5488337676036,ERCOT
4,17,533.2500646310077,ERCOT
4,18,540.2167766454702,ERCOT
4,19,475.2008027051583,ERCOT
4,20,651.0561029298271,ERCOT
4,21,619.9156144786317,ERCOT
4,22,552.863063394269,ERCOT
4,23,434.6569219499232,ERCOT
5,0,603.4534128666054,ERCOT
5,1,555.6009969193493,ERCOT
5,2,501.1040496854761,ERCOT
5,3,504.4367891247134,ERCOT
5,4,545.8520397538625,ERCOT
5,5,571.6534555816859,ERCOT
5,6,580.0597930513862,ERCOT
5,7,594.8510475475424,ERCOT
5,8,578.8877256134729,ERCOT
5,9,537.2886969827834,ERCOT
5,10,556.9958629979549,ERCOT
5,11,570.3925267735416,ERCOT
5,12,553.7012165434887,ERCOT
5,13,555.8016947941945,ERCOT
5,14,549.0236833706459,ERCOT
5,15,586.1901074462281,ERCOT
5,16,535.4871736994564,ERCOT
5,17,585.8372699262244,ERCOT
5,18,546.1004400377616,ERCOT
5,19,486.6868568583739,ERCOT
5,20,598.3709859069036,ERCOT
5,21,559.1122933759115,ERCOT
5,22,505.7216543490472,ERCOT
5,23,491.6463151376897,ERCOT
6,0,602.6466624753014,ERCOT
6,1,654.7405294609237,ERCOT
6,2,470.9240853572841,ERCOT
6,3,443.68155701374087,ERCOT
6,4,544.9159008308432,ERCOT
6,5,538.0624147657715,ERCOT
6,6,603.311214173936,ERCOT
6,7,558.414502000506,ERCOT
6,8,608.8953563246941,ERCOT
6,9,565.4170202655203,ERCOT
6,10,566.7878343338311,ERCOT
6,11,496.65334969453176,ERCOT
6,12,536.261982224637,ERCOT
6,13,540.1572585330256,ERCOT
6,14,579.4716830018606,ERCOT
6,15,530.2461454348432,ERCOT
6,16,521.7275274052097,ERCOT
6,17,551.6658948058873,ERCOT
6,18,594.390542397614,ERCOT
6,19,540.9303581029225,ERCOT
6,20,602.6368366874012,ERCOT
6,21,586.7620091904909,ERCOT
6,22,519.038093843606,ERCOT
6,23,563.4099172536484,ERCOT
7,0,614.073368884463,ERCOT
7,1,589.1548659568192,ERCOT
7,2,604.1774034166984,ERCOT
7,3,598.1361053841719,ERCOT
7,4,632.333299235478,ERCOT
7,5,601.4736247436842,ERCOT
7,6,588.6044743759909,ERCOT
7,7,580.0160216060175,ERCOT
7,8,601.393726470666,ERCOT
7,9,556.4964759110545,ERCOT
7,10,601.766336375029,ERCOT
7,11,594.4837266170789,ERCOT
7,12,572.898793728271,ERCOT
7,13,539.2630263164463,ERCOT
7,14,525.7928401062777,ERCOT
7,15,550.5404951522067,ERCOT
7,16,527.6325251380157,ERCOT
7,17,571.420437127435,ERCOT
7,18,552.5352288311831,ERCOT
7,19,551.999652932747,ERCOT
7,20,555.4167701108627,ERCOT
7,21,549.973081478117,ERCOT
7,22,466.7467549075497,ERCOT
7,23,596.9467217133905,ERCOT
8,0,532.0729720732267,ERCOT
8,1,603.1402374826229,ERCOT
8,2,581.5690767037827,ERCOT
8,3,574.7328006382306,ERCOT
8,4,564.7567915891136,ERCOT
8,5,557.904934990726,ERCOT
8,6,572.8590073894741,ERCOT
8,7,587.3950634116507,ERCOT
8,8,500.6816671738292,ERCOT
8,9,568.2524657627554,ERCOT
8,10,564.1278995151573,ERCOT
8,11,619.5390201105306,ERCOT
8,12,562.6968928667084,ERCOT
8,13,508.57821162766214,ERCOT
8,14,521.021132291854,ERCOT
8,15,559.4711414524925,ERCOT
8,16,513.1789458305053,ERCOT
8,17,466.07832488547524,ERCOT
8,18,485.341716114896,ERCOT
8,19,431.6672447301297,ERCOT
8,20,522.2146929845013,ERCOT
8,21,534.2428572316401,ERCOT
8,22,500.44367873234785,ERCOT
8,23,493.9440958810861,ERCOT
9,0,534.702842088137,ERCOT
9,1,632.8012294124968,ERCOT
9,2,556.0481637343702,ERCOT
9,3,549.5860091681551,ERCOT
9,4,556.8006222876122,ERCOT
9,5,547.119015227672,ERCOT
9,6,568.8223877917658,ERCOT
9,7,649.9459180132006,ERCOT
9,8,553.332150002626,ERCOT
9,9,570.3813476142229,ERCOT
9,10,595.9976140655405,ERCOT
9,11,602.4339740888367,ERCOT
9,12,509.514898107032,ERCOT
9,13,527.5624685441232,ERCOT
9,14,542.4756749253406,ERCOT
9,15,563.4797403336923,ERCOT
9,16,542.8231420799412,ERCOT
9,17,494.0372530517664,ERCOT
9,18,536.5830982591746,ERCOT
9,19,544.9839137209251,ERCOT
9,20,590.3456446106462,ERCOT
9,21,515.8922678834458,ERCOT
9,22,579.4705375929559,ERCOT
9,23,515.4241911901471,ERCOT
10,0,534.0698769817943,ERCOT
10,1,537.7473366952918,ERCOT
10,2,557.6761379408734,ERCOT
10,3,552.0675641788059,ERCOT
10,4,518.6842663387063,ERCOT
10,5,587.4070265938466,ERCOT
10,6,587.8340491883024,ERCOT
10,7,578.6548170451504,ERCOT
10,8,565.9869862660038,ERCOT
10,9,524.4308461744358,ERCOT
10,10,586.4764837613426,ERCOT
10,11,550.5910575609383,ERCOT
10,12,542.7693584697967,ERCOT
10,13,529.2644812151863,ERCOT
10,14,516.104181547505,ERCOT
10,15,522.1606723940077,ERCOT
10,16,533.2921134382372,ERCOT
10,17,505.04164889948436,ERCOT
10,18,551.0490853291205,ERCOT
10,19,628.2586603645425,ERCOT
10,20,631.3534283423367,ERCOT
10,21,577.3263489461748,ERCOT
10,22,479.9305689747192,ERCOT
10,23,473.8431726261059,ERCOT
11,0,494.75490698000306,ERCOT
11,1,550.4436545059817,ERCOT
11,2,535.7847874243654,ERCOT
11,3,523.8587959025784,ERCOT
11,4,566.0226887686822,ERCOT
11,5,538.9303741487206,ERCOT
11,6,575.6643887767201,ERCOT
11,7,580.9730375671877,ERCOT
11,8,560.0817357116604,ERCOT
11,9,612.908612409335,ERCOT
11,10,494.9228214290715,ERCOT
11,11,558.1994980329907,ERCOT
11,12,562.5873957095142,ERCOT
11,13,508.52727187033105,ERCOT
11,14,506.38394888962273,ERCOT
11,15,519.4572875200886,ERCOT
11,16,540.7206704016525,ERCOT
11,17,431.50455217640786,ERCOT
11,18,563.7342258380866,ERCOT
11,19,614.6370650939109,ERCOT
11,20,642.9293397960323,ERCOT
11,21,568.0331400291249,ERCOT
11,22,646.5170984331052,ERCOT
11,23,582.9173794720411,ERCOT
12,0,420.09072989449686,ERCOT
12,1,586.0269182932245,ERCOT
12,2,558.2179645006681,ERCOT
12,3,576.1423568140448,ERCOT
12,4,544.6291036869777,ERCOT
12,5,493.9918743484154,ERCOT
12,6,467.4958102099001,ERCOT
12,7,626.4002637189228,ERCOT
12,8,581.1955177664578,ERCOT
12,9,628.6856246349487,ERCOT
12,10,533.7451872199067,ERCOT
12,11,393.89480312709907,ERCOT
12,12,459.5733448108991,ERCOT
12,13,429.7102085958848,ERCOT
12,14,372.90539932878295,ERCOT
12,15,410.94600799888826,ERCOT
12,16,466.23053204868654,ERCOT
12,17,402.55105433918266,ERCOT
12,18,520.8723524552541,ERCOT
12,19,677.1877581622842,ERCOT
12,20,663.2497339654667,ERCOT
12,21,550.0392066049202,ERCOT
12,22,549.6242033893678,ERCOT
12,23,478.9737047470263,ERCOT
1,0,294.65735883717923,ISONE
1,1,347.6775707884996,ISONE
1,2,347.32453349550326,ISONE
1,3,357.0913213363992,ISONE
1,4,392.3268716779235,ISONE
1,5,407.2157528474857,ISONE
1,6,362.0058894937622,ISONE
1,7,365.50615906042964,ISONE
1,8,299.4588426658264,ISONE
1,9,371.2700786314686,ISONE
1,10,403.8925268292757,ISONE
1,11,363.39880834535074,ISONE
1,12,330.7184870572956,ISONE
1,13,362.16059889429374,ISONE
1,14,347.31668905881196,ISONE
1,15,366.89245634807827,ISONE
1,16,343.292386235144,ISONE
1,17,450.973068413642,ISONE
1,18,357.2033019137496,ISONE
1,19,412.19363152499386,ISONE
1,20,391.19555831134227,ISONE
1,21,425.1688528903987,ISONE
1,22,443.06398679903634,ISONE
1,23,364.22104402529067,ISONE
2,0,399.0981649952519,ISONE
2,1,442.34877621744357,ISONE
2,2,203.04123977559271,ISONE
2,3,406.8320087043094,ISONE
2,4,389.9583796585697,ISONE
2,5,424.25953904147536,ISONE
2,6,408.36159502430695,ISONE
2,7,318.39477388520606,ISONE
2,8,322.6263880063488,ISONE
2,9,333.2409719454346,ISONE
2,10,386.45032476327435,ISONE
2,11,385.6367451695805,ISONE
2,12,351.996108382771,ISONE
2,13,333.77780268749086,ISONE
2,14,383.3870455838043,ISONE
2,15,454.3142589404311,ISONE
2,16,453.9343930572506,ISONE
2,17,399.52100139841417,ISONE
2,18,449.4636074926129,ISONE
2,19,441.8601060782525,ISONE
2,20,439.2377480311081,ISONE
2,21,290.3069723451081,ISONE
2,22,461.0154122768803,ISONE
2,23,380.5656235243479,ISONE
3,0,357.3944697761688,ISONE
3,1,396.9467051381074,ISONE
3,2,357.5248280391898,ISONE
3,3,354.07105426640265,ISONE
3,4,394.4735568381487,ISONE
3,5,398.6218403225655,ISONE
3,6,363.60090444567464,ISONE
3,7,376.18090738730496,ISONE
3,8,399.7698377479099,ISONE
3,9,402.0773685131801,ISONE
3,10,379.79007291375115,ISONE
3,11,323.9653810569644,ISONE
3,12,350.84101297250197,ISONE
3,13,335.55021056612543,ISONE
3,14,390.67790219060413,ISONE
3,15,382.93968213784206,ISONE
3,16,387.77265767292624,ISONE
3,17,360.221900782823,ISONE
3,18,362.8769655080926,ISONE
3,19,394.2344559854046,ISONE
3,20,367.0684195378416,ISONE
3,21,430.0564512674616,ISONE
3,22,484.6139788746527,ISONE
3,23,336.1458760341717,ISONE
4,0,375.08671344876035,ISONE
4,1,441.66075508693444,ISONE
4,2,381.7224068530974,ISONE
4,3,374.310853884383,ISONE
4,4,425.38956042623425,ISONE
4,5,436.0574110131794,ISONE
4,6,389.9260595994986,ISONE
4,7,419.9462953426421,ISONE
4,8,401.1083362391175,ISONE
4,9,391.8872195101459,ISONE
4,10,432.6154858223855,ISONE
4,11,371.6201128077488,ISONE
4,12,406.9500979531158,ISONE
4,13,390.80198272563246,ISONE
4,14,427.0862785157022,ISONE
4,15,406.69195328827516,ISONE
4,16,395.97768532161444,ISONE
4,17,395.006879518397,ISONE
4,18,359.81527448378273,ISONE
4,19,418.12176074874054,ISONE
4,20,400.5195281099905,ISONE
4,21,421.66217052395956,ISONE
4,22,433.49657169231983,ISONE
4,23,408.9813510177683,ISONE
5,0,413.1305692414324,ISONE
5,1,364.64255752525213,ISONE
5,2,365.46726521838724,ISONE
5,3,298.7880530640403,ISONE
5,4,370.15169249290176,ISONE
5,5,447.3082803389655,ISONE
5,6,408.6324940651332,ISONE
5,7,349.58440452703366,ISONE
5,8,369.3682864513443,ISONE
5,9,402.11315350404146,ISONE
5,10,360.42904822954705,ISONE
5,11,350.0370673590749,ISONE
5,12,362.58021171829745,ISONE
5,13,448.6395212401649,ISONE
5,14,419.44196815264183,ISONE
5,15,352.1578288494755,ISONE
5,16,367.8796876745462,ISONE
5,17,355.9193679494288,ISONE
5,18,371.07526753066156,ISONE
5,19,384.19566170348304,ISONE
5,20,442.58051031564906,ISONE
5,21,387.64637163732584,ISONE
5,22,449.68551215892575,ISONE
5,23,418.59460368881975,ISONE
6,0,428.2861012631616,ISONE
6,1,373.24677242291034,ISONE
6,2,414.9972722754706,ISONE
6,3,362.15799325296786,ISONE
6,4,398.50327181702863,ISONE
6,5,402.002454648433,ISONE
6,6,374.9482842488777,ISONE
6,7,372.39213878301996,ISONE
6,8,384.89745053330427,ISONE
6,9,422.53796988686196,ISONE
6,10,410.6602295874452,ISONE
6,11,389.8023577812,ISONE
6,12,410.1752227185851,ISONE
6,13,392.8079233264046,ISONE
6,14,383.89713131975975,ISONE
6,15,430.62893940097825,ISONE
6,16,384.1474537024361,ISONE
6,17,410.2545891473803,ISONE
6,18,379.4097717046374,ISONE
6,19,404.9466009814166,ISONE
6,20,426.44628498100735,ISONE
6,21,465.25078771257523,ISONE
6,22,447.28594585418455,ISONE
6,23,365.918291906114,ISONE
7,0,384.23495018874115,ISONE
7,1,392.77540568647765,ISONE
7,2,358.2797978894948,ISONE
7,3,358.0734887042231,ISONE
7,4,385.5031519329856,ISONE
7,5,429.4503906801888,ISONE
7,6,417.37982313440193,ISONE
7,7,376.2027281734164,ISONE
7,8,367.2077210925201,ISONE
7,9,408.40385872084227,ISONE
7,10,304.9107544903084,ISONE
7,11,399.37637348026647,ISONE
7,12,443.4319773823127,ISONE
7,13,392.111454691086,ISONE
7,14,386.1275320914473,ISONE
7,15,381.93427398714744,ISONE
7,16,363.65393984096016,ISONE
7,17,415.21388682371463,ISONE
7,18,388.64542254602424,ISONE
7,19,374.94020369940597,ISONE
7,20,415.5866327716395,ISONE
7,21,492.862483190599,ISONE
7,22,375.06555913247314,ISONE
7,23,383.5559121866627,ISONE
8,0,370.2779673360487,ISONE
8,1,396.259663724041,ISONE
8,2,392.0901303986975,ISONE
8,3,347.9615887830503,ISONE
8,4,396.8538208197596,ISONE
8,5,414.4734620041745,ISONE
8,6,410.46432793731134,ISONE
8,7,394.1831352046833,ISONE
8,8,360.43243013339276,ISONE
8,9,388.6879185788642,ISONE
8,10,382.6463445900585,ISONE
8,11,443.2448031669123,ISONE
8,12,384.06248971075087,ISONE
8,13,431.3999554493336,ISONE
8,14,383.6503114287708,ISONE
8,15,393.93413304460626,ISONE
8,16,432.9003649256142,ISONE
8,17,434.9378689825122,ISONE
8,18,308.92335967995086,ISONE
8,19,462.3511441566253,ISONE
8,20,397.8962149033944,ISONE
8,21,419.437303158979,ISONE
8,22,384.2236840590447,ISONE
8,23,475.6504389774117,ISONE
9,0,412.6486371309496,ISONE
9,1,328.6841933620431,ISONE
9,2,346.2361782114407,ISONE
9,3,374.28192750037124,ISONE
9,4,374.57109322707237,ISONE
9,5,437.44555673116577,ISONE
9,6,384.44507922205116,ISONE
9,7,374.72613264086607,ISONE
9,8,414.54700886939077,ISONE
9,9,404.986213765707,ISONE
9,10,391.52527885271047,ISONE
9,11,400.4498103321623,ISONE
9,12,426.584629676461,ISONE
9,13,419.8036319381109,ISONE
9,14,420.74683307060786,ISONE
9,15,395.63125627954963,ISONE
9,16,397.4078560646219,ISONE
9,17,394.3774413094105,ISONE
9,18,400.73466864647645,ISONE
9,19,457.07673844262644,ISONE
9,20,554.2980566496182,ISONE
9,21,577.2327891339384,ISONE
9,22,455.4324028433388,ISONE
9,23,429.73741543381556,ISONE
10,0,334.80618061743144,ISONE
10,1,324.5437387566558,ISONE
10,2,393.9402287112703,ISONE
10,3,404.8638093029214,ISONE
10,4,384.4346283988135,ISONE
10,5,358.25575288081336,ISONE
10,6,352.31203060286674,ISONE
10,7,332.57270547765813,ISONE
10,8,362.04239574100217,ISONE
10,9,402.29123984954714,ISONE
10,10,379.9076554697892,ISONE
10,11,399.3301578485457,ISONE
10,12,373.45498675281925,ISONE
10,13,400.58359844391026,ISONE
10,14,369.09034044169977,ISONE
10,15,344.97771488074955,ISONE
10,16,379.4609046999719,ISONE
10,17,383.85689383127027,ISONE
10,18,287.1981813834421,ISONE
10,19,446.9691627385504,ISONE
10,20,486.5891932025857,ISONE
10,21,451.48015218947853,ISONE
10,22,371.96381532415654,ISONE
10,23,348.3352078704647,ISONE
11,0,352.7989317175442,ISONE
11,1,378.147602787271,ISONE
11,2,334.13497374235885,ISONE
11,3,327.3267583846324,ISONE
11,4,345.1433633877789,ISONE
11,5,424.6658356313796,ISONE
11,6,408.4540609761709,ISONE
11,7,327.793294084185,ISONE
11,8,235.89725929476717,ISONE
11,9,386.5529741770584,ISONE
11,10,357.95693208175567,ISONE
11,11,377.2825208352933,ISONE
11,12,411.1106203202227,ISONE
11,13,379.202105044931,ISONE
11,14,348.61518397483553,ISONE
11,15,390.06932858402035,ISONE
11,16,356.6553745193694,ISONE
11,17,384.5595280374542,ISONE
11,18,389.9100830727236,ISONE
11,19,390.22298327596286,ISONE
11,20,413.2433208740515,ISONE
11,21,447.7725534706344,ISONE
11,22,336.2026109165383,ISONE
11,23,353.67510300354826,ISONE
12,0,268.2373075668379,ISONE
12,1,324.76948989895897,ISONE
12,2,349.1599317759562,ISONE
12,3,336.76809502845634,ISONE
12,4,362.3356631700156,ISONE
12,5,397.9751589936201,ISONE
12,6,359.9875337926085,ISONE
12,7,358.91932444609233,ISONE
12,8,329.80325715282135,ISONE
12,9,378.5702589778589,ISONE
12,10,396.11116434961076,ISONE
12,11,359.3802324496435,ISONE
12,12,374.2744301457403,ISONE
12,13,354.08889865965983,ISONE
12,14,388.9290781978513,ISONE
12,15,352.9634529709041,ISONE
12,16,365.23745682549145,ISONE
12,17,374.0361856894397,ISONE
12,18,374.12917601575765,ISONE
12,19,336.5526565557754,ISONE
12,20,392.6724204377682,ISONE
12,21,371.3776965392363,ISONE
12,22,409.76490481965214,ISONE
12,23,380.31044052922147,ISONE
1,0,624.4722185470504,MISO
1,1,609.1240773047542,MISO
1,2,637.2702867091439,MISO
1,3,631.9289366553971,MISO
1,4,582.1828086955912,MISO
1,5,584.7939713972419,MISO
1,6,621.2678838266644,MISO
1,7,667.5868017396659,MISO
1,8,658.5593740523444,MISO
1,9,683.7134841824455,MISO
1,10,703.5527475514347,MISO
1,11,621.5073878379047,MISO
1,12,684.0088550146568,MISO
1,13,677.7373768370521,MISO
1,14,653.6819670963691,MISO
1,15,637.7823066056524,MISO
1,16,589.6568820240883,MISO
1,17,647.6053266779386,MISO
1,18,668.8263796543782,MISO
1,19,733.4453361495908,MISO
1,20,636.6322263808208,MISO
1,21,636.8671987718556,MISO
1,22,606.2215818713981,MISO
1,23,631.8298023537949,MISO
2,0,559.1083839007048,MISO
2,1,558.9871715365833,MISO
2,2,589.6434575321293,MISO
2,3,578.6074260481538,MISO
2,4,554.9388738836634,MISO
2,5,531.5615610114057,MISO
2,6,644.5726121122259,MISO
2,7,665.999002980805,MISO
2,8,738.2117234251598,MISO
2,9,682.7485630712314,MISO
2,10,703.052490090124,MISO
2,11,595.249777462481,MISO
2,12,630.8682858976737,MISO
2,13,629.4102667426939,MISO
2,14,569.584653766535,MISO
2,15,606.0115877407601,MISO
2,16,587.4346993354523,MISO
2,17,748.1285416444041,MISO
2,18,694.5320987672587,MISO
2,19,758.88254734705,MISO
2,20,712.2335452519899,MISO
2,21,624.1388230071145,MISO
2,22,663.535646927298,MISO
2,23,604.143973726852,MISO
3,0,562.6884582384132,MISO
3,1,628.454611325549,MISO
3,2,697.507538959859,MISO
3,3,688.5559532026177,MISO
3,4,629.3308261662119,MISO
3,5,579.3822558228426,MISO
3,6,633.9380093661358,MISO
3,7,652.4275738673239,MISO
3,8,663.8081118989387,MISO
3,9,726.405291379476,MISO
3,10,701.7443712713061,MISO
3,11,681.4187715041734,MISO
3,12,618.2131382994213,MISO
3,13,627.4634491663061,MISO
3,14,641.0132105531255,MISO
3,15,612.6962513152338,MISO
3,16,692.0355061533716,MISO
3,17,616.2388101195662,MISO
3,18,616.9521720732678,MISO
3,19,737.5955392563618,MISO
3,20,738.7605569086115,MISO
3,21,711.0065999634118,MISO
3,22,640.1169553787139,MISO
3,23,480.082240237315,MISO
4,0,542.1887688313157,MISO
4,1,487.5033736912497,MISO
4,2,489.2811712985612,MISO
4,3,507.5520315750324,MISO
4,4,512.8016800570077,MISO
4,5,574.5082936956319,MISO
4,6,641.9146735022256,MISO
4,7,591.4494836522033,MISO
4,8,621.0325561812292,MISO
4,9,642.296198843478,MISO
4,10,669.2746149944682,MISO
4,11,652.0184824286664,MISO
4,12,589.9712228249817,MISO
4,13,564.7873079582608,MISO
4,14,580.2226902161616,MISO
4,15,633.1625347807403,MISO
4,16,571.6123473935207,MISO
4,17,692.8183336500263,MISO
4,18,643.105135608139,MISO
4,19,676.5034822695736,MISO
4,20,670.3804388943173,MISO
4,21,745.0959884756362,MISO
4,22,621.2677183889258,MISO
4,23,573.7185254105633,MISO
5,0,566.2903043933098,MISO
5,1,455.7147643760193,MISO
5,2,497.2666209531721,MISO
5,3,511.4126146192861,MISO
5,4,552.0717025927107,MISO
5,5,576.0328521088704,MISO
5,6,665.3995675323656,MISO
5,7,629.6971051275873,MISO
5,8,609.9533217411547,MISO
5,9,638.6306921139983,MISO
5,10,630.6000199230679,MISO
5,11,627.0268452523662,MISO
5,12,700.9517746762115,MISO
5,13,733.6553720457227,MISO
5,14,737.8002641491227,MISO
5,15,716.2551607092485,MISO
5,16,681.4833109104035,MISO
5,17,705.7122674028747,MISO
5,18,710.2512967825746,MISO
5,19,730.1057454574333,MISO
5,20,707.7195406688294,MISO
5,21,663.5756795306754,MISO
5,22,627.3081249334654,MISO
5,23,603.1325154660975,MISO
6,0,708.8118176036562,MISO
6,1,554.6737863472039,MISO
6,2,669.35043897853,MISO
6,3,599.987963385265,MISO
6,4,536.1589107263528,MISO
6,5,561.7503035679999,MISO
6,6,616.6444440253873,MISO
6,7,629.2980060301932,MISO
6,8,700.5417641402115,MISO
6,9,718.0896918430099,MISO
6,10,731.6541910391746,MISO
6,11,660.4385606730647,MISO
6,12,733.0118466411145,MISO
6,13,691.3605323739672,MISO
6,14,660.0959813537112,MISO
6,15,685.6885640760918,MISO
6,16,637.7385102199058,MISO
6,17,751.284012991135,MISO
6,18,736.9244284758558,MISO
6,19,739.3741900928974,MISO
6,20,765.9626488629694,MISO
6,21,676.2250200132422,MISO
6,22,610.0304126569918,MISO
6,23,622.5887745697784,MISO
7,0,707.3322814586459,MISO
7,1,679.0091170563768,MISO
7,2,701.3152303345831,MISO
7,3,670.9835428838172,MISO
7,4,639.6107180531616,MISO
7,5,637.8071822393805,MISO
7,6,703.6327374191393,MISO
7,7,689.755244927858,MISO
7,8,646.4823455657447,MISO
7,9,713.3165042554687,MISO
7,10,748.2700993276317,MISO
7,11,679.5629259149855,MISO
7,12,618.0631822801787,MISO
7,13,631.6131954498491,MISO
7,14,603.2178027942338,MISO
7,15,575.4677845156734,MISO
7,16,655.9128376357056,MISO
7,17,605.9796170943912,MISO
7,18,683.4622939491169,MISO
7,19,646.2006835782754,MISO
7,20,656.2579741014705,MISO
7,21,664.7079194248564,MISO
7,22,693.8621419776599,MISO
7,23,745.5228176430101,MISO
8,0,695.1003873527357,MISO
8,1,735.5609260978687,MISO
8,2,688.1872509558306,MISO
8,3,618.0687317944527,MISO
8,4,638.9891729107583,MISO
8,5,695.5392356609549,MISO
8,6,729.4721205798381,MISO
8,7,685.1336851627278,MISO
8,8,673.1761487272564,MISO
8,9,599.2585050869395,MISO
8,10,660.5678210086568,MISO
8,11,690.1398227950641,MISO
8,12,667.982306838139,MISO
8,13,732.2834588311022,MISO
8,14,594.7671742419187,MISO
8,15,682.3869329229283,MISO
8,16,634.4514491249084,MISO
8,17,712.786911440597,MISO
8,18,646.6175618068787,MISO
8,19,646.4662278707023,MISO
8,20,684.0451150504966,MISO
8,21,734.8621020015139,MISO
8,22,644.5907046349353,MISO
8,23,685.362743414332,MISO
9,0,677.5499714970781,MISO
9,1,428.2383290388027,MISO
9,2,634.2874348568849,MISO
9,3,529.1926211735313,MISO
9,4,655.5420789230428,MISO
9,5,724.800870297893,MISO
9,6,645.5831814299258,MISO
9,7,622.495944894829,MISO
9,8,457.47716553509986,MISO
9,9,540.5636763128707,MISO
9,10,723.0641821346954,MISO
9,11,689.7337207387011,MISO
9,12,699.5530269494793,MISO
9,13,729.1268702243152,MISO
9,14,640.7238916480262,MISO
9,15,684.016912981281,MISO
9,16,669.3339692150935,MISO
9,17,679.8570208526813,MISO
9,18,692.0146532588448,MISO
9,19,683.2969983266929,MISO
9,20,647.0568295498856,MISO
9,21,684.462633588991,MISO
9,22,564.7003783190327,MISO
9,23,677.7916511102479,MISO
10,0,620.953078922896,MISO
10,1,593.6831859397705,MISO
10,2,696.7591065773305,MISO
10,3,639.5103107215239,MISO
10,4,550.7642059272241,MISO
10,5,603.3093389513559,MISO
10,6,691.7921921986689,MISO
10,7,667.1253227835724,MISO
10,8,676.7317105176918,MISO
10,9,612.9518526931888,MISO
10,10,622.8147144683614,MISO
10,11,673.0466403365505,MISO
10,12,726.9097250701695,MISO
10,13,691.5463610668874,MISO
10,14,656.4958315849165,MISO
10,15,697.8658613670696,MISO
10,16,691.0749218660795,MISO
10,17,704.497769459801,MISO
10,18,704.1235525126441,MISO
10,19,708.953269796008,MISO
10,20,664.6629434849954,MISO
10,21,619.2097130805536,MISO
10,22,705.5678605554058,MISO
10,23,546.2150630560052,MISO
11,0,607.0488345149977,MISO
11,1,598.6526060839693,MISO
11,2,543.7232441487425,MISO
11,3,590.6952067125856,MISO
11,4,581.316373554531,MISO
11,5,566.6402628724628,MISO
11,6,543.4508636957796,MISO
11,7,631.1093666035882,MISO
11,8,630.8345485121016,MISO
11,9,657.0312149996104,MISO
11,10,595.0025250705113,MISO
11,11,638.2028949195707,MISO
11,12,614.929665463955,MISO
11,13,621.6196035933735,MISO
11,14,614.6101471940764,MISO
11,15,637.2287555036647,MISO
11,16,713.2125807280476,MISO
11,17,594.9498624312815,MISO
11,18,696.4541357986026,MISO
11,19,698.5569098255129,MISO
11,20,622.1339627293642,MISO
11,21,698.9964580595511,MISO
11,22,692.4946713938214,MISO
11,23,624.2532791977022,MISO
12,0,587.4049756850844,MISO
12,1,635.3849691333163,MISO
12,2,543.1820359278798,MISO
12,3,618.8843194257605,MISO
12,4,610.7980582931824,MISO
12,5,588.3555166097566,MISO
12,6,621.0716666612166,MISO
12,7,683.3049912558929,MISO
12,8,668.8356030719547,MISO
12,9,758.0118746632272,MISO
12,10,743.8443266751552,MISO
12,11,718.9363752638044,MISO
12,12,657.5131763875313,MISO
12,13,666.7905677943297,MISO
12,14,659.4655494958294,MISO
12,15,674.0965065335,MISO
12,16,711.4974031669942,MISO
12,17,695.1438217409111,MISO
12,18,758.2083102219476,MISO
12,19,705.3123613397835,MISO
12,20,694.664569393581,MISO
12,21,737.1806205526702,MISO
12,22,706.0311113124872,MISO
12,23,725.6602171208743,MISO
1,0,359.459301125065,NYISO
1,1,398.7925696450626,NYISO
1,2,308.2688940075861,NYISO
1,3,315.6095195658828,NYISO
1,4,332.506848416616,NYISO
1,5,341.2620916101518,NYISO
1,6,377.3905959354111,NYISO
1,7,361.00805700026604,NYISO
1,8,416.1679235395323,NYISO
1,9,368.14132908038164,NYISO
1,10,413.3018693562497,NYISO
1,11,391.48566433194185,NYISO
1,12,464.1540831041606,NYISO
1,13,375.11586083449373,NYISO
1,14,371.89887693121386,NYISO
1,15,397.4487004301682,NYISO
1,16,340.58959177886567,NYISO
1,17,406.1604741930848,NYISO
1,18,466.74214352358433,NYISO
1,19,490.27763792747646,NYISO
1,20,432.77012535601835,NYISO
1,21,409.9084879236542,NYISO
1,22,377.73004307346616,NYISO
1,23,374.8379777647389,NYISO
2,0,381.5598116122915,NYISO
2,1,463.7894688562479,NYISO
2,2,323.35950046570116,NYISO
2,3,374.6985295521721,NYISO
2,4,404.0348275885945,NYISO
2,5,409.47635956617916,NYISO
2,6,298.8578543824083,NYISO
2,7,395.27309201609296,NYISO
2,8,415.32171359123856,NYISO
2,9,456.4557834917264,NYISO
2,10,432.49502798372396,NYISO
2,11,392.4453323665325,NYISO
2,12,379.3037599344504,NYISO
2,13,521.9789268360757,NYISO
2,14,420.816210971182,NYISO
2,15,425.1593542248903,NYISO
2,16,421.128525605718,NYISO
2,17,381.5142097774078,NYISO
2,18,342.2447715424792,NYISO
2,19,504.06811182420086,NYISO
2,20,493.2783003772468,NYISO
2,21,489.9047572624492,NYISO
2,22,408.93963720742397,NYISO
2,23,410.3351199626679,NYISO
3,0,423.5560098438239,NYISO
3,1,371.05556320785684,NYISO
3,2,398.1502071521737,NYISO
3,3,331.3944116632409,NYISO
3,4,350.6525100264212,NYISO
3,5,379.61686231124213,NYISO
3,6,392.1484908958568,NYISO
3,7,395.0371273766275,NYISO
3,8,490.7828429823441,NYISO
3,9,374.50158977062625,NYISO
3,10,450.1005623076861,NYISO
3,11,380.101230477605,NYISO
3,12,397.99550539713846,NYISO
3,13,450.01285864417315,NYISO
3,14,423.28648889021997,NYISO
3,15,389.7307786897797,NYISO
3,16,409.21801070939523,NYISO
3,17,369.96996933279615,NYISO
3,18,482.3014026960447,NYISO
3,19,428.06679730691496,NYISO
3,20,484.70342585975715,NYISO
3,21,438.0747512469919,NYISO
3,22,422.7468189141704,NYISO
3,23,440.5843620259446,NYISO
4,0,416.972822055019,NYISO
4,1,395.72786809336833,NYISO
4,2,377.7093873211286,NYISO
4,3,337.83632368022506,NYISO
4,4,375.69428453961143,NYISO
4,5,360.13845705009265,NYISO
4,6,415.7902533036217,NYISO
4,7,443.7632947920269,NYISO
4,8,448.3862906449522,NYISO
4,9,438.5984695022102,NYISO
4,10,421.17940150471424,NYISO
4,11,424.29813669888244,NYISO
4,12,407.05857746693,NYISO
4,13,454.4093139869688,NYISO
4,14,418.5045591354578,NYISO
4,15,394.18736338479783,NYISO
4,16,408.0347425214639,NYISO
4,17,425.7699947544257,NYISO
4,18,356.5095528635336,NYISO
4,19,419.82694117847166,NYISO
4,20,471.9962177744011,NYISO
4,21,460.97995493913226,NYISO
4,22,434.7718481620645,NYISO
4,23,433.00552011343046,NYISO
5,0,385.959202039707,NYISO
5,1,355.5140369922807,NYISO
5,2,320.3477342645496,NYISO
5,3,337.96798292560095,NYISO
5,4,352.55599442850433,NYISO
5,5,368.0461966479451,NYISO
5,6,365.6644117648497,NYISO
5,7,384.11561819819406,NYISO
5,8,398.9636275217312,NYISO
5,9,382.67738052736325,NYISO
5,10,339.9749777936014,NYISO
5,11,361.31044808588075,NYISO
5,12,401.01481938066297,NYISO
5,13,417.25852917306514,NYISO
5,14,428.10185039630437,NYISO
5,15,457.9050525999527,NYISO
5,16,364.4939707539956,NYISO
5,17,392.11149598588855,NYISO
5,18,397.9685123873981,NYISO
5,19,432.63604619961075,NYISO
5,20,265.5963917271825,NYISO
5,21,436.3362667777591,NYISO
5,22,428.7738438575467,NYISO
5,23,370.30653728017177,NYISO
6,0,398.11468555391724,NYISO
6,1,351.06901509225986,NYISO
6,2,339.1290442684598,NYISO
6,3,352.473955711794,NYISO
6,4,362.03236907701626,NYISO
6,5,396.14394552790577,NYISO
6,6,351.8804409592245,NYISO
6,7,408.9614647813049,NYISO
6,8,455.8792305154192,NYISO
6,9,447.4661050408302,NYISO
6,10,432.10629810463445,NYISO
6,11,426.9906981359216,NYISO
6,12,394.31634022832816,NYISO
6,13,450.8401683928241,NYISO
6,14,433.9828635058887,NYISO
6,15,426.71380569439185,NYISO
6,16,414.80326915122373,NYISO
6,17,429.6445951925114,NYISO
6,18,470.9813325519997,NYISO
6,19,440.1925578537275,NYISO
6,20,455.4430338337572,NYISO
6,21,447.9236483029815,NYISO
6,22,439.4760375334781,NYISO
6,23,387.5291940583919,NYISO
7,0,529.4726843377568,NYISO
7,1,391.9397741862818,NYISO
7,2,413.9932942423347,NYISO
7,3,406.0659475054665,NYISO
7,4,399.3920568466214,NYISO
7,5,395.8968549667791,NYISO
7,6,399.7431618319922,NYISO
7,7,497.7019224216814,NYISO
7,8,531.389602121311,NYISO
7,9,445.6910509063926,NYISO
7,10,492.0714227108678,NYISO
7,11,444.7397034197875,NYISO
7,12,428.0018113313821,NYISO
7,13,457.4705596485329,NYISO
7,14,451.7684572500877,NYISO
7,15,444.7078294974615,NYISO
7,16,434.0119593028707,NYISO
7,17,496.0944572378909,NYISO
7,18,456.38211800256255,NYISO
7,19,420.025255918579,NYISO
7,20,439.68222243807145,NYISO
7,21,541.878430883555,NYISO
7,22,521.0665871735487,NYISO
7,23,491.7862403505876,NYISO
8,0,386.8158273917383,NYISO
8,1,430.74889209709175,NYISO
8,2,420.39461073528383,NYISO
8,3,383.7435474303392,NYISO
8,4,336.8612592027085,NYISO
8,5,431.07077603833636,NYISO
8,6,406.66012010822874,NYISO
8,7,390.5080254123281,NYISO
8,8,437.90495547879186,NYISO
8,9,425.6971328543478,NYISO
8,10,465.40914747678096,NYISO
8,11,461.00051489436834,NYISO
8,12,447.4143521494517,NYISO
8,13,500.19653101266596,NYISO
8,14,443.6214660130759,NYISO
8,15,417.87501926593853,NYISO
8,16,515.1363417689124,NYISO
8,17,458.31404219712465,NYISO
8,18,524.4417072108685,NYISO
8,19,456.4961508740827,NYISO
8,20,475.77446654851497,NYISO
8,21,490.05613869724226,NYISO
8,22,474.93572092781835,NYISO
8,23,435.942784231889,NYISO
9,0,502.17149733729605,NYISO
9,1,390.3521457178924,NYISO
9,2,474.10750346906076,NYISO
9,3,386.545332915228,NYISO
9,4,390.72857607546786,NYISO
9,5,415.1605180790974,NYISO
9,6,403.1731185165563,NYISO
9,7,404.7581528105713,NYISO
9,8,448.98109053294286,NYISO
9,9,434.17887621680177,NYISO
9,10,420.6588706367574,NYISO
9,11,456.39997865286006,NYISO
9,12,452.1138895889665,NYISO
9,13,517.7143923634442,NYISO
9,14,410.39496888688706,NYISO
9,15,497.5260975366951,NYISO
9,16,430.28671258722494,NYISO
9,17,472.8901966287032,NYISO
9,18,490.24885428282965,NYISO
9,19,412.0837545349936,NYISO
9,20,481.5424063895558,NYISO
9,21,472.6275476600407,NYISO
9,22,448.8653402978512,NYISO
9,23,535.8442101160352,NYISO
10,0,389.1568421596875,NYISO
10,1,347.8572329217426,NYISO
10,2,396.96866132608056,NYISO
10,3,384.00769248154256,NYISO
10,4,410.9801805643884,NYISO
10,5,345.79792855742687,NYISO
10,6,371.7445983808589,NYISO
10,7,443.1556421876442,NYISO
10,8,453.55945744595846,NYISO
10,9,444.93757195668564,NYISO
10,10,444.5832425681334,NYISO
10,11,465.9425775297675,NYISO
10,12,510.3209520419192,NYISO
10,13,467.8526400729903,NYISO
10,14,424.41114940280187,NYISO
10,15,368.07144226792366,NYISO
10,16,459.2488690725843,NYISO
10,17,497.61185149429474,NYISO
10,18,477.0284263965539,NYISO
10,19,402.21400157099146,NYISO
10,20,457.74175523538094,NYISO
10,21,479.60724608627316,NYISO
10,22,432.74727202414766,NYISO
10,23,477.4958196827557,NYISO
11,0,486.4105876719693,NYISO
11,1,310.7473439622215,NYISO
11,2,375.4506773118086,NYISO
11,3,386.8167730916999,NYISO
11,4,417.1561540447644,NYISO
11,5,341.06547587104916,NYISO
11,6,413.3200132503694,NYISO
11,7,397.96287330613256,NYISO
11,8,448.45856051374165,NYISO
11,9,419.0241210722582,NYISO
11,10,405.57176330018956,NYISO
11,11,380.523439409942,NYISO
11,12,401.1261351352642,NYISO
11,13,327.93490458422787,NYISO
11,14,358.8277536901175,NYISO
11,15,366.9217652702151,NYISO
11,16,422.8866166745735,NYISO
11,17,355.7077715715043,NYISO
11,18,353.390858884252,NYISO
11,19,435.84570567824045,NYISO
11,20,352.5924250868132,NYISO
11,21,457.19572599066174,NYISO
11,22,395.94905426680896,NYISO
11,23,414.3440390695886,NYISO
12,0,329.4364956370352,NYISO
12,1,391.4297941892539,NYISO
12,2,382.7086033623985,NYISO
12,3,338.4779335516659,NYISO
12,4,333.83788901868917,NYISO
12,5,330.09339868716563,NYISO
12,6,352.6747256925436,NYISO
12,7,357.49072624876544,NYISO
12,8,415.8539491168082,NYISO
12,9,392.75014205969296,NYISO
12,10,404.08779576436393,NYISO
12,11,368.6221668613026,NYISO
12,12,346.3559075071996,NYISO
12,13,387.97593172943647,NYISO
12,14,380.8636099996617,NYISO
12,15,372.74745425970605,NYISO
12,16,382.01942680421973,NYISO
12,17,384.46666398423486,NYISO
12,18,404.7604446503238,NYISO
12,19,490.4635645997315,NYISO
12,20,361.76086981787455,NYISO
12,21,463.36698996308627,NYISO
12,22,385.8176731921272,NYISO
12,23,388.85680029839335,NYISO
1,0,410.8942874579529,PJM
1,1,435.58117749590974,PJM
1,2,357.66006699881603,PJM
1,3,439.4945291536454,PJM
1,4,399.1606278879156,PJM
1,5,406.555010839144,PJM
1,6,439.085627828709,PJM
1,7,503.82952569733226,PJM
1,8,570.325942667687,PJM
1,9,584.7001863513898,PJM
1,10,541.7485190034613,PJM
1,11,490.36596314620886,PJM
1,12,533.7065714831108,PJM
1,13,502.4085629607635,PJM
1,14,462.71983534642595,PJM
1,15,448.6191291257586,PJM
1,16,507.59161593714373,PJM
1,17,388.5181951953224,PJM
1,18,464.06926812475723,PJM
1,19,606.0590823661681,PJM
1,20,607.7632313577554,PJM
1,21,527.656810804382,PJM
1,22,582.3588858712927,PJM
1,23,536.2987801125928,PJM
2,0,459.86007365021527,PJM
2,1,434.59619668406066,PJM
2,2,345.0221453062445,PJM
2,3,355.02186211648035,PJM
2,4,448.70007189312173,PJM
2,5,403.7018618745047,PJM
2,6,447.81447190641313,PJM
2,7,496.0137144549445,PJM
2,8,541.9208861887466,PJM
2,9,591.4705694294831,PJM
2,10,493.6395954412562,PJM
2,11,550.8789918432363,PJM
2,12,443.7567857459868,PJM
2,13,423.8685098397051,PJM
2,14,473.14269541307743,PJM
2,15,387.37750722434214,PJM
2,16,421.85762087978134,PJM
2,17,418.6935933465402,PJM
2,18,456.2419807550081,PJM
2,19,479.4825256131895,PJM
2,20,510.1702218858104,PJM
2,21,646.501376744997,PJM
2,22,450.9080593028803,PJM
2,23,513.9852087038163,PJM
3,0,456.9227459435775,PJM
3,1,488.8292476673785,PJM
3,2,370.77161176987516,PJM
3,3,539.2829029220785,PJM
3,4,454.1618524337043,PJM
3,5,545.2325524588728,PJM
3,6,568.1779463336646,PJM
3,7,589.9038189438266,PJM
3,8,599.4695600378144,PJM
3,9,599.3059019124571,PJM
3,10,637.9917929655192,PJM
3,11,540.5863723473703,PJM
3,12,504.9492147408348,PJM
3,13,475.8357416035536,PJM
3,14,448.5219047460017,PJM
3,15,428.48964814203725,PJM
3,16,350.92572319242583,PJM
3,17,401.48610670773917,PJM
3,18,396.0853030658896,PJM
3,19,500.66020034532534,PJM
3,20,594.1052198477518,PJM
3,21,639.8813121714987,PJM
3,22,584.7498385239317,PJM
3,23,577.0378534901912,PJM
4,0,474.12827456518545,PJM
4,1,417.53943828481243,PJM
4,2,537.4659975967165,PJM
4,3,469.4700603273296,PJM
4,4,499.5636925316881,PJM
4,5,499.0668624516517,PJM
4,6,563.8846372650208,PJM
4,7,617.1524864331085,PJM
4,8,532.4324683603439,PJM
4,9,568.329247873294,PJM
4,10,511.32217569738094,PJM
4,11,547.0323537768763,PJM
4,12,591.081499961205,PJM
4,13,503.72858550057106,PJM
4,14,522.7138592446543,PJM
4,15,520.3878952840436,PJM
4,16,626.6773177930216,PJM
4,17,486.601333419772,PJM
4,18,454.1751766369535,PJM
4,19,509.1859274294312,PJM
4,20,671.1705600539907,PJM
4,21,694.3621063956873,PJM
4,22,604.8188214807287,PJM
4,23,516.5486991832298,PJM
5,0,428.92404904235156,PJM
5,1,501.73302291719494,PJM
5,2,489.74154451648434,PJM
5,3,344.08210711109666,PJM
5,4,433.91931624752993,PJM
5,5,449.62082721262306,PJM
5,6,490.9691355762665,PJM
5,7,492.59766624364977,PJM
5,8,455.9172832920174,PJM
5,9,496.142406853811,PJM
5,10,533.1241898306469,PJM
5,11,462.7448934188698,PJM
5,12,579.1479149666758,PJM
5,13,562.8552635474397,PJM
5,14,533.4308493024507,PJM
5,15,511.91218061029235,PJM
5,16,506.52791254248706,PJM
5,17,532.0778033256831,PJM
5,18,551.5384404810345,PJM
5,19,611.9201895553972,PJM
5,20,550.1289932963426,PJM
5,21,529.4070229859907,PJM
5,22,585.0094876722582,PJM
5,23,481.7527215271741,PJM
6,0,604.2352715940334,PJM
6,1,437.59299135571115,PJM
6,2,344.77370044228456,PJM
6,3,401.9348543785831,PJM
6,4,353.0221431855551,PJM
6,5,383.4384668372555,PJM
6,6,375.990059631153,PJM
6,7,423.8805037176968,PJM
6,8,455.862572724095,PJM
6,9,504.41901390200667,PJM
6,10,532.7771650632483,PJM
6,11,565.7882315428393,PJM
6,12,608.3331310142531,PJM
6,13,511.9433141450823,PJM
6,14,547.3401724417246,PJM
6,15,559.2940363796646,PJM
6,16,615.804879284917,PJM
6,17,734.3812491913584,PJM
6,18,570.1696379481175,PJM
6,19,558.3626756278453,PJM
6,20,599.9350387801933,PJM
6,21,599.2277424129713,PJM
6,22,650.2949533199587,PJM
6,23,636.1820119884549,PJM
7,0,626.8591446265117,PJM
7,1,602.3786235694394,PJM
7,2,653.5501847225132,PJM
7,3,430.9043142379518,PJM
7,4,431.63710706821485,PJM
7,5,428.40731313515596,PJM
7,6,466.5090642196417,PJM
7,7,494.2988589482075,PJM
7,8,573.6832820062411,PJM
7,9,584.2388516316843,PJM
7,10,687.805719668838,PJM
7,11,604.9757132409414,PJM
7,12,608.2939431566331,PJM
7,13,587.2497358045503,PJM
7,14,631.4230580858997,PJM
7,15,603.294388354398,PJM
7,16,628.4711152082921,PJM
7,17,691.0070340537532,PJM
7,18,710.7682429877608,PJM
7,19,582.7814181771785,PJM
7,20,653.3095689481219,PJM
7,21,678.5100016921531,PJM
7,22,693.2294651185209,PJM
7,23,608.9984820164044,PJM
8,0,583.8059392824944,PJM
8,1,513.8795261194346,PJM
8,2,513.3020414949841,PJM
8,3,344.8955800675539,PJM
8,4,382.58965748578413,PJM
8,5,448.68453268999633,PJM
8,6,521.8898961001693,PJM
8,7,549.5583037445567,PJM
8,8,504.65905109586674,PJM
8,9,461.7964678915131,PJM
8,10,461.4997547863418,PJM
8,11,617.660629690718,PJM
8,12,546.4895537082382,PJM
8,13,610.7965492230132,PJM
8,14,633.6181928365693,PJM
8,15,622.3675611019154,PJM
8,16,537.0835757121918,PJM
8,17,631.2969806494441,PJM
8,18,712.138807033238,PJM
8,19,554.3270515959327,PJM
8,20,717.0369772400776,PJM
8,21,637.5152873596169,PJM
8,22,653.6195447439808,PJM
8,23,639.4186037088244,PJM
9,0,558.1050582859654,PJM
9,1,516.6122476215861,PJM
9,2,444.4603853014887,PJM
9,3,443.86957373236584,PJM
9,4,389.21732890877223,PJM
9,5,488.3415950321862,PJM
9,6,526.2616172509876,PJM
9,7,554.8667993507687,PJM
9,8,527.1709279779051,PJM
9,9,411.777873844468,PJM
9,10,470.3944809910023,PJM
9,11,598.0888244215713,PJM
9,12,555.3534514942819,PJM
9,13,631.7836526871783,PJM
9,14,619.6039635161686,PJM
9,15,568.5137440840443,PJM
9,16,542.6268374055662,PJM
9,17,629.4687492230452,PJM
9,18,603.1819701918104,PJM
9,19,607.2387260782472,PJM
9,20,707.4931886111091,PJM
9,21,618.3416977239788,PJM
9,22,666.6703441749877,PJM
9,23,549.8697719908661,PJM
10,0,558.6091009810668,PJM
10,1,530.6468068067597,PJM
10,2,595.0082742405085,PJM
10,3,463.50092835726815,PJM
10,4,493.93682514730716,PJM
10,5,551.2068946897978,PJM
10,6,520.3771383847151,PJM
10,7,549.4259525819888,PJM
10,8,581.0257831644957,PJM
10,9,566.4080566308888,PJM
10,10,574.0248222870562,PJM
10,11,549.4874230776228,PJM
10,12,610.663414302261,PJM
10,13,616.0255457785448,PJM
10,14,599.9930487782686,PJM
10,15,579.1485962780006,PJM
10,16,589.9092314516201,PJM
10,17,461.41543701199794,PJM
10,18,533.6617649862243,PJM
10,19,577.7885352496711,PJM
10,20,693.9378295443905,PJM
10,21,563.5340060854072,PJM
10,22,546.2584126275694,PJM
10,23,615.9972359880129,PJM
11,0,479.1830418150305,PJM
11,1,484.1287143141073,PJM
11,2,402.17556281152395,PJM
11,3,490.00283695509205,PJM
11,4,432.96052315030744,PJM
11,5,549.8105145589868,PJM
11,6,562.9659019807706,PJM
11,7,514.509248629803,PJM
11,8,623.3967694414592,PJM
11,9,551.7550153459043,PJM
11,10,585.1099028082953,PJM
11,11,519.4973543991562,PJM
11,12,527.9098394586973,PJM
11,13,496.3361341794958,PJM
11,14,495.4069128820193,PJM
11,15,437.4165024500177,PJM
11,16,467.35909489470953,PJM
11,17,495.27425997912025,PJM
11,18,601.0680565087897,PJM
11,19,690.9861506843317,PJM
11,20,569.8452623654591,PJM
11,21,480.22892610008324,PJM
11,22,552.2474144021431,PJM
11,23,514.2999258868105,PJM
12,0,580.721988089497,PJM
12,1,529.5148638473626,PJM
12,2,429.65443005249324,PJM
12,3,416.9979512933388,PJM
12,4,500.9708570367976,PJM
12,5,470.4291122680989,PJM
12,6,578.8070766032486,PJM
12,7,553.8416223258222,PJM
12,8,538.831950323433,PJM
12,9,495.4210431456615,PJM
12,10,580.1917255453492,PJM
12,11,533.7305390426443,PJM
12,12,545.057018578995,PJM
12,13,576.5971860944436,PJM
12,14,534.4607741534022,PJM
12,15,492.758040391977,PJM
12,16,430.4867162503633,PJM
12,17,554.3499289880856,PJM
12,18,520.8007468617965,PJM
12,19,646.7421671284467,PJM
12,20,508.5345486373917,PJM
12,21,506.13771231931713,PJM
12,22,557.6429547337535,PJM
12,23,543.5943408812777,PJM
1,0,635.9924574493866,SPP
1,1,640.5537221065721,SPP
1,2,589.8989193743305,SPP
1,3,678.7693567223589,SPP
1,4,676.2482430494395,SPP
1,5,644.8796854550419,SPP
1,6,639.078664950306,SPP
1,7,693.8486785612779,SPP
1,8,692.9944009382076,SPP
1,9,661.7170476333412,SPP
1,10,665.2303735965739,SPP
1,11,675.3464703968659,SPP
1,12,705.8888305802774,SPP
1,13,650.7011999125543,SPP
1,14,708.640582705091,SPP
1,15,649.5141494023177,SPP
1,16,616.1795560725757,SPP
1,17,611.6466629447626,SPP
1,18,685.5285463401104,SPP
1,19,678.098982408958,SPP
1,20,652.7819268139586,SPP
1,21,656.9399708506746,SPP
1,22,679.1117833066332,SPP
1,23,589.5215285985191,SPP
2,0,643.0459376874076,SPP
2,1,666.4958094843843,SPP
2,2,591.3776852998748,SPP
2,3,640.8993561162106,SPP
2,4,662.6043232090269,SPP
2,5,547.6259783025764,SPP
2,6,619.8518315127245,SPP
2,7,640.7815195651093,SPP
2,8,568.3460147953913,SPP
2,9,642.2718508028845,SPP
2,10,644.7659013282525,SPP
2,11,726.389127109939,SPP
2,12,613.6793499334245,SPP
2,13,666.4160793557616,SPP
2,14,624.4543532524648,SPP
2,15,634.8991271035462,SPP
2,16,597.4817765417595,SPP
2,17,612.6905297547372,SPP
2,18,598.6750867990866,SPP
2,19,716.4057904035961,SPP
2,20,625.5484644747203,SPP
2,21,640.897177294058,SPP
2,22,633.4742787713914,SPP
2,23,706.7795734050584,SPP
3,0,675.329661980979,SPP
3,1,687.6199273717828,SPP
3,2,633.2239622573899,SPP
3,3,631.6918013617004,SPP
3,4,579.9219057999215,SPP
3,5,582.8185925639509,SPP
3,6,616.7927796043228,SPP
3,7,644.1619055346031,SPP
3,8,699.5649510246081,SPP
3,9,642.8542278556332,SPP
3,10,634.015863699954,SPP
3,11,621.447504589953,SPP
3,12,597.7206605749166,SPP
3,13,591.9481721665924,SPP
3,14,667.1055275461435,SPP
3,15,598.2838799590902,SPP
3,16,682.364973331695,SPP
3,17,693.0877760151826,SPP
3,18,632.5725033374973,SPP
3,19,638.2090295023752,SPP
3,20,660.001532673181,SPP
3,21,633.7276995194273,SPP
3,22,600.5100782630967,SPP
3,23,650.531084558054,SPP
4,0,629.2293882642062,SPP
4,1,645.9389633754058,SPP
4,2,621.8508485581999,SPP
4,3,591.6748928872863,SPP
4,4,637.6878040916619,SPP
4,5,630.6396424735077,SPP
4,6,608.0911032528163,SPP
4,7,580.7961490291524,SPP
4,8,614.4918984470179,SPP
4,9,645.0577642470466,SPP
4,10,620.9535665421141,SPP
4,11,650.1613320553155,SPP
4,12,637.1353740520902,SPP
4,13,598.8289351558507,SPP
4,14,687.7326917782757,SPP
4,15,621.1425383176364,SPP
4,16,622.4166445386338,SPP
4,17,637.5068811435402,SPP
4,18,583.0665155082871,SPP
4,19,630.5749032962995,SPP
4,20,636.6487159740201,SPP
4,21,643.539421517561,SPP
4,22,562.6188183072827,SPP
4,23,645.2052297179968,SPP
5,0,714.8084570831423,SPP
5,1,543.6325573797219,SPP
5,2,553.7910924251763,SPP
5,3,554.3524437035628,SPP
5,4,605.9776949613162,SPP
5,5,662.5745158391869,SPP
5,6,627.4003631802561,SPP
5,7,597.2133355632845,SPP
5,8,642.353497580962,SPP
5,9,618.9795299063743,SPP
5,10,666.2903222036092,SPP
5,11,718.8521244951347,SPP
5,12,601.3138804332513,SPP
5,13,628.0058124550391,SPP
5,14,700.6771466798965,SPP
5,15,650.3649444897428,SPP
5,16,725.0163958502077,SPP
5,17,606.7404357759531,SPP
5,18,675.9264861215854,SPP
5,19,645.3689733104086,SPP
5,20,645.605110628732,SPP
5,21,638.193934642374,SPP
5,22,572.833572895891,SPP
5,23,643.1936012920498,SPP
6,0,640.5817009796281,SPP
6,1,530.3772077727691,SPP
6,2,669.8383559066509,SPP
6,3,610.717240605764,SPP
6,4,612.3194581306182,SPP
6,5,620.7691438241479,SPP
6,6,649.4585719610018,SPP
6,7,631.6362772779838,SPP
6,8,683.0575156551772,SPP
6,9,737.4504107649738,SPP
6,10,696.9502512382177,SPP
6,11,664.3770637150727,SPP
6,12,657.428260024411,SPP
6,13,663.7187328884978,SPP
6,14,633.3247540327084,SPP
6,15,638.74923996311,SPP
6,16,627.0089732645522,SPP
6,17,689.6170351202262,SPP
6,18,647.6136324441521,SPP
6,19,655.7419396130024,SPP
6,20,658.4145209165982,SPP
6,21,698.4362351005007,SPP
6,22,624.1088236596989,SPP
6,23,599.435880472008,SPP
7,0,545.0578755810886,SPP
7,1,618.8982769635957,SPP
7,2,638.2845076253595,SPP
7,3,674.2730172060718,SPP
7,4,652.9165232027028,SPP
7,5,665.7908970740017,SPP
7,6,625.1811838669623,SPP
7,7,673.8527327581015,SPP
7,8,600.5083326859531,SPP
7,9,665.5724369982889,SPP
7,10,694.5226790847046,SPP
7,11,624.1001449107463,SPP
7,12,653.3799124274232,SPP
7,13,587.1875293343235,SPP
7,14,596.7715256135655,SPP
7,15,577.5480665049542,SPP
7,16,545.7155079691267,SPP
7,17,628.4534214748111,SPP
7,18,620.8259418012032,SPP
7,19,631.973192166882,SPP
7,20,616.9111854515921,SPP
7,21,604.3990911817455,SPP
7,22,608.3670894172523,SPP
7,23,618.149089857867,SPP
8,0,657.0928874128628,SPP
8,1,665.3982077976169,SPP
8,2,672.7734174328709,SPP
8,3,739.2219038024259,SPP
8,4,667.1337653623438,SPP
8,5,748.6536041815772,SPP
8,6,675.8070096543092,SPP
8,7,624.7844778515796,SPP
8,8,573.3582449258512,SPP
8,9,661.777071664307,SPP
8,10,747.7781056467934,SPP
8,11,676.5843764763866,SPP
8,12,659.0032472849626,SPP
8,13,695.8140329559121,SPP
8,14,607.0434083408071,SPP
8,15,644.141145008663,SPP
8,16,628.6800431076862,SPP
8,17,589.1534191986461,SPP
8,18,612.4877738731353,SPP
8,19,637.993720449873,SPP
8,20,644.9158293736568,SPP
8,21,642.3163445028447,SPP
8,22,625.3907242933785,SPP
8,23,608.300804343779,SPP
9,0,586.5859658014667,SPP
9,1,535.813895045821,SPP
9,2,686.6244876386771,SPP
9,3,695.6817816810601,SPP
9,4,730.6751007792773,SPP
9,5,663.6144157417868,SPP
9,6,692.4419416196545,SPP
9,7,636.312481252467,SPP
9,8,509.2472100294341,SPP
9,9,610.1928805279588,SPP
9,10,656.078689317981,SPP
9,11,669.0938498397367,SPP
9,12,692.7175195436777,SPP
9,13,674.7954352278691,SPP
9,14,670.9645369024264,SPP
9,15,650.6498494112319,SPP
9,16,657.5836242223826,SPP
9,17,620.0464599233736,SPP
9,18,675.2753633453633,SPP
9,19,694.6115207408446,SPP
9,20,645.4095373824238,SPP
9,21,630.593253847933,SPP
9,22,610.5918714674527,SPP
9,23,618.6402252435291,SPP
10,0,621.2840412891223,SPP
10,1,576.0003094611967,SPP
10,2,683.9774182910154,SPP
10,3,678.4076727937335,SPP
10,4,658.6809749518202,SPP
10,5,594.2510811649498,SPP
10,6,719.8211654705708,SPP
10,7,726.4459262329634,SPP
10,8,588.0676888405288,SPP
10,9,634.5590809016006,SPP
10,10,668.5674709578605,SPP
10,11,670.2938114879338,SPP
10,12,726.6766296685116,SPP
10,13,655.4395981044443,SPP
10,14,698.7076406204303,SPP
10,15,626.6656096952821,SPP
10,16,664.6169719575498,SPP
10,17,671.3108712058412,SPP
10,18,672.2315953542753,SPP
10,19,691.676564708547,SPP
10,20,678.2524150526939,SPP
10,21,657.8500372663303,SPP
10,22,611.285556572761,SPP
10,23,703.4504487356717,SPP
11,0,598.8041986463794,SPP
11,1,648.0057707160151,SPP
11,2,635.5398495600535,SPP
11,3,655.9903604920798,SPP
11,4,647.1374565626115,SPP
11,5,594.581516885791,SPP
11,6,624.3888341963066,SPP
11,7,642.747971005325,SPP
11,8,689.6012312018208,SPP
11,9,617.517176505898,SPP
11,10,709.733025175498,SPP
11,11,678.1814143950422,SPP
11,12,652.3384696798099,SPP
11,13,647.3005534495794,SPP
11,14,596.4019956905555,SPP
11,15,648.7665595613876,SPP
11,16,607.8354172894468,SPP
11,17,604.8434020523254,SPP
11,18,678.7029173189494,SPP
11,19,682.571718834357,SPP
11,20,710.0951790971243,SPP
11,21,678.8631890740203,SPP
11,22,659.0780051692828,SPP
11,23,608.8086242359118,SPP
12,0,596.0191366993588,SPP
12,1,599.2816018749214,SPP
12,2,570.4712185542801,SPP
12,3,628.0853519050299,SPP
12,4,587.0549315566361,SPP
12,5,575.1656124338681,SPP
12,6,624.0523926677103,SPP
12,7,571.1505668929212,SPP
12,8,620.0986551173314,SPP
12,9,627.9522748551302,SPP
12,10,643.4899603407691,SPP
12,11,612.8341992683382,SPP
12,12,701.0365701701547,SPP
12,13,667.9938854300163,SPP
12,14,701.0140403096821,SPP
12,15,596.8830399216845,SPP
12,16,611.5225300795391,SPP
12,17,562.5231264635213,SPP
12,18,582.6947577984469,SPP
12,19,658.871199315666,SPP
12,20,690.0673936793335,SPP
12,21,618.7096357718369,SPP
12,22,669.1140734431618,SPP
12,23,609.7890240791824,SPP
